coach_PDB	Sequence	BS
3efvA	MTATQALSVNPATGQTLAAMPWANAQEIEHALSLAASGFKKWKMTSVAQRAQTLRDIGQALRAHAEEMAQCITREMGKPIKQARAEVTKSAALCDWYAEHGPAMLNPEPTLVENQQAVIEYRPLGVILAIMPWNFPLWQVLRGAVPILLAGNSYLLKHAPNVTGCAQMIARILAEAGTPAGVYGWVNANNEGVSQMINDPRIAAVTVTGSVRAGAAIGAQAGAALKKCVLELGGSDPFIVLNDADLELAVKAAVAGRYQNTGQVCAAAKRFIVEEGIAQAFTDRFVAAAAALKMGDPLVEENDLGPMARFDLRDELHQQVQASVAEGARLLLGGEKIAGEGNYYAATVLADVTPDMTAFRQELFGPVAAITVAKDAAHALALANDSEFGLSATIFTADDTLAAEMAARLECGGVFINGYSASDARVAFGGVKKSGFGRELSHFGLHEFCNVQTVWKNRV	129,130,131,132,133,138,141,156,157,158,159,189,192,207,208,209,212,215,216,230,231,232,264,308,361,363,389,427
1atlA	LPQRYIELVVVADHRVFMKYNSDLNTIRTRVHEIVNFINGFYRSLNIHVSLTDLEIWSNEDQINIQSASSDTLNAFAEWRETDLLNRKSHDNAQLLTAIELDEETLGLAPLGTMCDPKLSIGIVQDHSPINLLMGVTMAHELGHNLGMEHDGKDCLRGASLCIMRPGLTKGRSYEFSDDSMHYYERFLKQYKPQCILNKP	103,104,105,106,139,140,143,149,162,164,165,166,167
1e5qA	ATKSVLMLGSGFVTRPTLDVLTDSGIKVTVACRTLESAKKLSAGVQHSTPISLDVNDDAALDAEVAKHDLVISLIPYTFHATVIKSAIRQKKHVVTTSYVSPAMMELDQAAKDAGITVMNEIGLDPGIDHLYAIKTIEEVHAAGGKIKTFLSYCGGLPAPESSDNPLGYKFSWSSRGVLLALRNAASFYKDGKVTNVAGPELMATAKPYFIYPGFAFVAYPNRDSTPYKERYQIPEADNIVRGTLRYQGFPQFIKVLVDIGFLSDEEQPFLKEAIPWKEATQKIVKASSASEQDIVSTIVSNATFESTEEQKRIVAGLKWLGIFSDKKITPRGNALDTLCATLEEKMQFEEGERDLVMLQHKFEIENKDGSRETRTSSLCEYGAPIGSGGYSAMAKLVGVPCAVAVKFVLDGTISDRGVLAPMNSKINDPLMKELKEKYGIECKEKVVA	8,9,10,11,12,31,32,33,52,53,54,55,73,74,75,76,78,96,97,122,123,124,125,172,173,397|76,97,98,124,153,154,155,172,180,222,243,245
1bnwA	HWGYGKHNGPEHWHKDFPIAKGERQSPVDIDTHTAKYDPSLKPLSVSYDQATSLRILNNGHAFNVEFDDSQDKAVLKGGPLDGTYRLIQFHFHWGSLDGQGSEHTVDKKKYAAELHLVHWNTKYGDFGKAVQQPDGLAVLGIFLKVGSAKPGLQKVVDVLDSIKTKGKSADFTNFDPRGLLPESLDYWTYPGSLTTPPLLECVTWIVLKEPISVSSEQVLKFRKLNFNGEGEPEELMVDNWRPAQPLKNRQIKASF	88,90,92,115,117,126,138,193,194,195,197,204
1afkA	KETAAAKFERQHMDSSTSAASSSNYCNQMMKSRNLTKDRCKPVNTFVHESLADVQAVCSQKNVACKNGQTNCYQSYSTMSITDCRETGSSKYPNCAYKTTQANKHIIVACEGNPYVPVHFDASV	3,6,10,11,40,64,66,68,70,108,110,117,118,119
2zgzA	MLVFIDDGSTNIKLQWQESDGTIKQHISPNSFKREWAVSFGDKKVFNYTLNGEQYSFDPISPDAVVTTNIAWQYSDVNVVAVHHALLTSGLPVSEVDIVCTLPLTEYYDRNNQPNTENIERKKANFRKKITLNGGDTFTIKDVKVMPESIPAGYEVLQELDELDSLLIIDLGGTTLDISQVMGKLSGISKIYGDSSLGVSLVTSAVKDALSLARTKGSSYLADDIIIHRKDNNYLKQRINDENKISIVTEAMNEALRKLEQRVLNTLNEFSGYTHVMVIGGGAELICDAVKKHTQIRDERFFKTNNSQYDLVNGMYLIGN	7,8,9,10,12,170,171,172,173,174,198,225,226,279,280,283,284,307
1c3jA	MKIAIINMGNNVINFKTVPSSETIYLFKVISEMGLNVDIISLKNGVYTKSFDEVDVNDYDRLIVVNSNLAILSAQKFMAKYKSKIYYLFTDIRLPFSQSAYLYTEEELLIKSPIKVISQGINLDIAKAAHKKVDNVIEFEYFPIEQYKIHMNDFQLSKPTKKTLDVIYGGSFRSGQRESKMVEFLFDTGLNIEFFGNAREKQFKNPKYPWTKAPVFTGKIPMNMVSEKNSQAIAALIIGDKNYNDNFITLRVWETMASDAVMLIDEEFDTKHRIINDARFYVNNRAELIDRVNELKHSDVLRKEMLSIQHDILNKTRAKKAEWQDAFKKAIDL	17,168,169,170,172,176,194,195,218,219,221,224,242,249,250,253
2royA	ESKCPLMVKVLDAVRGSPAINVAVHVFRKAADDTWEPFASGKTSESGELHGLTTEEEFVEGIYKVEIDTKSYWKALGISPFHEHAEVVFTANDSGPRRYTIAALLSPYSYSTTAVVTNPKE	8,10,99,101,103,110,111,112,114
1a2kC	QVQFKLVLVGDGGTGKTTFVKRHLTGEFEKKYVATLGVEVHPLVFHTNRGPIKFNVWDTAGQEKFGGLRDGYYIQAQCAIIMFDVTSRVTYKNVPNWHRDLVRVCENIPIVLCGNKVDIKDRKVKAKSIVFHRKKNLQYYDISAKSNYNFEKPFLWLARKLIGDPNLEFVAMPALAPPEVVMDPALAAQYEHDLEV	11,12,13,14,15,16,17,62,114,115,117,118,142,143,144
