PDB	Sequence	BS
4x6o	IVGGTASVRGEWPWQVTLHTTSPTQRHLCGGSIIGNQWILTAAHCFYGVESPKILRVYSGILNQSEIKEDTSFFGVQEIIIHDQYKMAESGYDIALLKLETTVGYGDSQRPICLPSKGDRNVIYTDCWVTGWGYRKLRDKIQNTLQKAKIPLVTNEECQKRYRGHKITHKMICAGYREGGKDACKGDSGGPLSCKHNEVWHLVGITSWGEGCAQRERPGVYTNVVEYVDWILEKTQAV	0,1,16,17,18,19,23,24,25,26,27,28,29,41,42,43,44,45,46,48,63,87,92,128,131,132,133,135,136,138,139,140,141,161,171,172,173,180,181,182,183,184,185,186,187,188,189,204,205,206,207,208,209,210,211,212,213,216,217,218,219,220,221
3miy	GSVIDPSELTFVQEIGSGGLVHLGYWLNKDKVAIKTISEEDFIEEAEVMMKLSHPKLVQLYGVCLEQAPICLVFEFMEHGCLSDYLRTQRGLFAAETLLGMCLDVCEGMAYLEEASVIHRDLAARNCLVGENQVIKVSDFPVKWASPEVFSFSRYSSKSDVWSFGVLMWEVFSEGKIPYENRSNSEVVEDISTGFRLYKPRLASTHVYQIMNHCWKERPEDRPAFSRLLRQLAAIAASG	12,13,14,15,16,19,20,21,22,23,30,31,32,33,34,48,57,58,59,71,72,73,74,75,76,77,78,79,80,81,83,84,87,124,125,126,127,128,129,135,136,137,138,139
2gsu	TPHALLLISIDGLRADMLDRGITPNLSHLAREGVRARWMAPSYPSLTFPNHYTLVTGLRPDHHGIVHNSMRDPTLGGFWLSKSEAVGDARWWGGEPVWVGVENTGQHAATWSWPGSEAAIKGVRPSQWRHYQKGVRLDTRVDAVRGWLATDGAQRNRLVTLYFEHVDEAGHDHGPESRQYADAVRAVDAAIGRLLAGMQRDGTRARTNIIVVSDHGMAEVAPGHAISVEDIAPPQIATAITDGQVIGFEPLPGQQAAAEASVLGAHDHYDCWRKAELPARWQYGSHPRIPSLVCQMHEGWDALFPDKLAKRAQRGTRGSHGYDPALPSMRAVFLAQGPDLAQGKTLPGFDNVDVYALMSRLLGIPAAPNDGNPATLLPALRM	10,11,43,44,45,46,47,48,49,50,66,67,68,77,78,79,80,81,82,85,91,110,111,112,113,114,115,116,128,129,130,131,132,133,139,161,162,163,164,165,166,167,168,169,170,213,214,215,216,242,243,316,317,318,319,320
3hmo	ANECISVKGRIYSILKQIGSGGSSKVFQVLNEKKQIYAIKYVNLEEADNQTLDSYRNEIAYLNKLQQHSDKIIRLYDYEITDQYIYMVMECGNIDLNSWLKKKKSIDPWERKSYWKNMLEAVHTIHQHGIVHSDLKPANFLIVDGMLKLIDFGIANQMVGTVNYMPPEAIKDMISPKSDVWSLGCILYYMTYGKTPFQQIINQISKLHAIIDPNHEIEFPDIPEKDLQDVLKCCLKRDPKQRISIPELLAHPYVQIQ	15,16,17,18,19,20,23,24,25,26,27,28,35,36,37,38,39,40,41,57,61,72,73,74,75,86,87,88,89,90,91,92,93,94,95,96,97,100,101,135,136,137,138,139,140,141,142,147,149,150,158
2xm1	SLQPPPQQLIVQNKTIDLPAVYQLNGGEEANPHAVKVLKELLSGKQSSKKGMLISIGEKGDKSVRKYSRQIPDHKEGYYLSVNEKEIVLAGNDERGTYYALQTFAQLLKDGKLPEVEIKDYPSVRYRGVVEGFYGTPWSHQARLSQLKFYGKNKMNTYIYGPKDDPYHSAPNWRLPYPDKEAAQLQELVAVANENEVDFVWAIHPGQDIKWNKEDRDLLLAKFEKMYQLGVRSFAVFFDDISGEGTNPQKQAELLNYIDEKFAQVKPDINQLVMCPTEYNKSWSNPNGNYLTTLGDKLNPSIQIMWTGDRVISDITRDGISWINERIKRPAYIWWNFPVSDYVRDHLLLGPVYGNDTTIAKEMSGFVTNPMEHAESSKIAIYSVASYAWNPAKYDTWQTWKDAIRTILPSAAEELECFAMHNSDLGPNGHGYRREESMDIQPAAERFLKAFKEGKNYDKADFETLQYTFERMKESADILLMNTENKPLIVEITPWVHQFKLTAEMGEEVLKMVERNESYFLRKYNHVKALQQQMFYIDQTSNQNPYQPGVKTATRVIKPLIDRTFATVVKFFNQKFNAHLDATTDYMPHKMLPLQVKANRVLISPEIELDAIYPGENIQINFLSAGLQKAPVKFVRFQFVLTIEK	129,130,131,132,133,134,160,161,162,163,167,203,236,237,238,239,274,275,276,278,279,282,304,305,306,309,310,311,333,334,335,336,337,338,339,340,341,342,343,368,369,370,429
3zxz	HIDLSALNPELVQAVQHVVIGPSSLIVHFNEVIGRGHFGCVYHGTLLKKIHCAVKSLNRITDIGEVSQFLTEGIIMKDFSHPNVLSLLGICLRSEGSPLVVLPYMKHGDLRNFIRNETHNPTVKDLIGFGLQVAKGMKYLASKKFVHRDLAARNCMLDEKFTVKVADFGLARDMYDKEYYSVHNKTGAKLPVKWMALESLQTQKFTTKSDVWSFGVLLWELMTRGAPPYPDVNTFDITVYLLQGRRLLQPEYCPDPLYEVMLKCWHPKAEMRPSFSELVSRISAIFSTFI	31,32,33,34,35,39,40,41,42,43,50,51,52,53,54,55,75,84,85,99,100,101,102,103,104,105,106,107,108,109,110,111,112,114,146,148,150,151,152,153,154,155,156,157,163,164,165,166,167,169,170,171,172,173,174,175,176,177,178,179
3eko	QPMEEEEVETFAFQAEIAQLMSLIINTFYSNKEIFLRELISNSSDALDKIRYESLTDPSKLDSGKELHINLIPNKQDRTLTIVDTGIGMTKADLINNLGTIAKSGTKAFMEALQAGADISMIGQFGVGFYSAYLVAEKVTVITKHNDDEQYAWESSAGGSFTVRTDTGEPMGRGTKVILHLKEDQTEYLEERRIKEIVKKHSQFIGYPITLFVEKEL	34,37,38,39,40,41,42,43,44,45,46,47,48,49,68,81,82,83,84,85,86,87,88,89,92,93,96,97,127,128,129,130,131,138,140,141,142,143,144,172,173,174,175,176,178
1c1u	TFGSGEADCGLRPLFEKKSLEDKTERELLESYIDGR,IVEGSDAEIGMSPWQVMLFRKSPQELLCGASLISDRWVLTAAHCLLYPPWDKNFTENDLLVRIGKHSRTRYERNIEKISMLEKIYIHPRYNWRENLDRDIALMKLKKPVAFSDYIHPVCLPDRETAASLLQAGYKGRVTGWGNLKETGQPSVLQVVNLPIVERPVCKDSTRIRITDNMFCAGYKPDEGKRGDACEGDSGGPFVMKSPFNNRWYQMGIVSWGEGCDRDGKYGFYTHVFRLKKWIQKVIDQFGE	36,37,53,60,61,62,63,64,76,78,79,80,82,85,87,89,131,134,173,177,178,181,193,215,216,226,227,228,229,230,231,232,233,234,235,252,253,254,255,256,257,258,259,260,261,264,265,266,267,268
10gs	PYTVVYFPVRGRCAALRMLLADQGQSWKEEVVTVETWQEGSLKASCLYGQLPKFQDGDLTLYQSNTILRHLGRTLGLYGKDQQEAALVDMVNDGVEDLRCKYISLIYTNYEAGKDDYVKALPGQLKPFETLLSQNQGGKTFIVGDQISFADYNLLDLLLIHEVLAPGCLDAFPLLSAYVGRLSARPKLKAFLASPEYVNLPINGNGKQ,PYTVVYFPVRGRCAALRMLLADQGQSWKEEVVTVETWQEGSLKASCLYGQLPKFQDGDLTLYQSNTILRHLGRTLGLYGKDQQEAALVDMVNDGVEDLRCKYISLIYTNYEAGKDDYVKALPGQLKPFETLLSQNQGGKTFIVGDQISFADYNLLDLLLIHEVLAPGCLDAFPLLSAYVGRLSARPKLKAFLASPEYVNLPINGNGKQ	5,6,7,8,9,10,11,12,15,31,32,33,34,36,37,41,42,45,47,48,49,50,51,52,61,62,63,64,65,66,67,95,98,99,102,105,106,152,200,201,202,203,204,205,297,300,301,303,304,308
2y5h	IVGGQECKDGECPWQALLINEENEGFCGGTILSEFYILTAAHCLYQAKRFKVRVGDRNTEQEEGGEAVHEVEVVIKHNRFTKETYDFDIAVLRLKTPITFRMNVAPACLPERDWAESTLMTQKTGIVSGFGRTHEKGEQSTRLKMLEVPYVDRNSCKLSSSFIITQNMFCAGYDTKQEDACQGDSGGPHVTRFKDTYFVTGIVSWGEGCARKGKYGIYTKVTAFLKWIDRSMKT,KLCSLDNGDCDQFCHEEQNSVVCSCARGYTLADNGKACIPTGPYPCGKQTLERR	0,1,25,26,41,42,45,79,80,81,82,83,84,85,87,126,130,131,134,145,147,159,160,161,162,163,167,168,169,170,171,178,179,180,181,182,183,184,185,186,188,201,202,203,204,205,206,207,208,209,210,213,214,215,216,217,218
