scPDB	Sequence	BS
3apy_3	MKIRDLLKARRGPLFSFEFFPPKDPEGEEALFRTLEELKAFRPAFVSITYGAMGSTRERSVAWAQRIQSLGLNPLAHLTVAGQSRKEVAEVLHRFVESGVENLLALRGDPPRGERVFRPHPEGFRYAAELVALIRERYGDRVSVGGAAYPEGHPESESLEADLRHFKAKVEAGLDFAITQLFFNNAHYFGFLERARRAGIGIPILPGIMPVTSYRQLRRFTEVCGASIPGPLLAKLERHQDDPKAVLEIGVEHAVRQVAELLEAGVEGVHFYTLNKSPATRMVLERLGLRP	17,47,48,49,50,51,76,77,78,103,104,105,106,107,108,109,116,124,125,126,127,145,146,147,148,152,153,154,155,156,157,160,161,162,164,165,167,168,177,178,179,180,223,269,271
1fdu_4	ARTVVLITGCSSGIGLHLAVRLASDPSQSFKVYATLRDLKTQGRLWEAARALACPPGSLETLQLDVRDSKSVAAARERVTEGRVDVLVCNAGLGLLGPLEALGEDAVASVLDVNVVGTVRMLQAFLPDMKRRGSGRVLVTGSVGGLMGLPFNDVYCASKFALEGLCESLAVLLLPFGVHLSLIECGPVHTAFMEKVLGVLDRTDIHTFHRFYQYLALSKQVFREAAQNPEEVAEVFLTALRAPKPTLRYFTTERFLPLLRMRLDDPSGSNYVTAMHREVFG,ARTVVLITGCSSGIGLHLAVRLASDPSQSFKVYATLRDLKTQGRLWEAARALACPPGSLETLQLDVRDSKSVAAARERVTEGRVDVLVCNAGLGLLGPLEALGEDAVASVLDVNVVGTVRMLQAFLPDMKRRGSGRVLVTGSVGGLMGLPFNDVYCASKFALEGLCESLAVLLLPFGVHLSLIECGPVHTAFMEKVLVLDRTDIHTFHRFYQYLALSKQVFREAAQNPEEVAEVFLTALRAPKPTLRYFTTERFLPLLRMRLDDPSGSNYVTAMHREVFG,ARTVVLITGCSSGIGLHLAVRLASDPSQSFKVYATLRDLKTQGRLWEAARALACPPGSLETLQLDVRDSKSVAAARERVTEGRVDVLVCNAGLGLLGPLEALGEDAVASVLDVNVVGTVRMLQAFLPDMKRRGSGRVLVTGSVGGLMGLPFNDVYCASKFALEGLCESLAVLLLPFGVHLSLIECGPVHTAFMEKVLGSPEEVLDRTDIHTFHRFYQYLALSKQVFREAAQNPEEVAEVFLTALRAPKPTLRYFTTERFLPLLRMRLDDPSGSNYVTAMHREVFG,ARTVVLITGCSSGIGLHLAVRLASDPSQSFKVYATLRDLKTQGRLWEAARALACPPGSLETLQLDVRDSKSVAAARERVTEGRVDVLVCNAGLGLLGPLEALGEDAVASVLDVNVVGTVRMLQAFLPDMKRRGSGRVLVTGSVGGLMGLPFNDVYCASKFALEGLCESLAVLLLPFGVHLSLIECGPVHTAFMEKVLEVLDRTDIHTFHRFYQYLALSKQVFREAAQNPEEVAEVFLTALRAPKPTLRYFTTERFLPLLRMRLDDPSGSNYVTAMHREVFG	986,987,988,989,990,992,994,997,1000,1001,1004,1030,1031,1032,1037,1038,1059,1062,1063,1066,1067,1100,1103,1120,1123,1124
1n2g_2	IPAFHPGELNVYSAPGDVADVSRALRLTGRRVMLVPTMGALHEGHLALVRAAKRVPGSVVVVSIFVNPMQFGAGGDLDAYPRTPDDDLAQLRAEGVEIAFTPTTAAMYPDGLRTTVQPGPLAAELEGGPRPTHFAGVLTVVLKLLQIVRPDRVFFGEKDYQQLVLIRQLVADFNLDVAVVGVPTVREADGLAMSSRNRYLDPAQRAAAVALSAALTAAAHAATAGAQAALDAARAVLDAAPGVAVDYLELRDIGLGPMPLNGSGRLLVAARLGTTRLLDNIAIEIGTFA,AIPAFHPGELNVYSAPGDVADVSRALRLTGRRVMLVPTMGALHEGHLALVRAAKRVPGSVVVVSIFVNPMQFGALDAYPRTPDDDLAQLRAEGVEIAFTPTTAAMYPDGLRTTVQPGPLAAELEGGPRPTHFAGVLTVVLKLLQIVRPDRVFFGEKDYQQLVLIRQLVADFNLDVAVVGVPTVREADGLAMSSRNRYLDPAQRAAAVALSAALTAAAHAATAGAQAALDAARAVLDAAPGVAVDYLELRDIGLGPMPLNGSGRLLVAARLGTTRLLDNIAIEIG	324,325,326,327,328,329,331,332,333,334,336,337,359,366,367,440,441,442,443,444,445,446,448,468,469,470,471,472,477,478,479,480,481,482,483,564
2e9n_1	AVPFVEDWDLVQTLGEGAYGEVQLAVNRVTEEAVAVKIVDMKRAVDCPENIKKEICINKMLNHENVVKFYGHRREGNIQYLFLEYCSGGELFDRIEPDIGMPEPDAQRFFHQLMAGVVYLHGIGITHRDIKPENLLLDERDNLKISDFGLATVFRYNNRERLLNKMCGTLPYVAPELLKRREFHAEPVDVWSCGIVLTAMLAGELPWDQPSDSCQEYSDWKEKKTYLNPWKKIDSAPLALLHKILVENPSARITIPDIKKDRWYNKPLK	13,14,18,21,23,33,34,36,50,53,54,57,66,80,82,83,84,85,86,87,88,89,92,132,135,144,145,146,147,148
4ear_3	ENGYTYEDYKNTAEYLLSHTKHRPQVAIICGSGLGGLTDKLTQAQIFDYSEIPNFPRSTVPGHAGRLVFGFLNGRACVMMQGRFHMYEGYPLYKVTFPVRVFHLLGVDTLVVTNAAGGLNPKFEVGDIMLIRDHINLPGFSGQNPLRGPNDERFGDRFPAMSDAYDRTMRQRALSTYKQMGEQRELQEGTYVMVAGPSFETVAECRVLQKLGADAVGMSTVPEVIVARHCGLRVFGFSLITNKVIMDYESLEKANEEVLAAGKQAAQKLEQFVSILMASIPLPDKA,GYTYEDYKNTAEYLLSHTKHRPQVAIICGSGLGGLTDKLTQAQIFDYSEIPNFPRSTVPGHAGRLVFGFLNGRACVMMQGRFHMYEGYPLYKVTFPVRVFHLLGVDTLVVTNAAGGLNPKFEVGDIMLIRDHINLPGFSGQNPLRGPNDERFGDRFPAMSDAYDRTMRQRALSTYKQMGEQRELQEGTYVMVAGPSFETVAECRVLQKLGADAVGMSTVPEVIVARHCGLRVFGFSLITNKVIMDYESLEKANEEVLAAGKQAAQKLEQFVSILMASIPLPDKA	157,315,343,344,346,368,370,397,398,399,400,401,474,475,477,479,480,481,482,483,499,500,501,502,522,524,525,526,527,537,538,539,541,542
1fdu_5	ARTVVLITGCSSGIGLHLAVRLASDPSQSFKVYATLRDLKTQGRLWEAARALACPPGSLETLQLDVRDSKSVAAARERVTEGRVDVLVCNAGLGLLGPLEALGEDAVASVLDVNVVGTVRMLQAFLPDMKRRGSGRVLVTGSVGGLMGLPFNDVYCASKFALEGLCESLAVLLLPFGVHLSLIECGPVHTAFMEKVLGVLDRTDIHTFHRFYQYLALSKQVFREAAQNPEEVAEVFLTALRAPKPTLRYFTTERFLPLLRMRLDDPSGSNYVTAMHREVFG,ARTVVLITGCSSGIGLHLAVRLASDPSQSFKVYATLRDLKTQGRLWEAARALACPPGSLETLQLDVRDSKSVAAARERVTEGRVDVLVCNAGLGLLGPLEALGEDAVASVLDVNVVGTVRMLQAFLPDMKRRGSGRVLVTGSVGGLMGLPFNDVYCASKFALEGLCESLAVLLLPFGVHLSLIECGPVHTAFMEKVLVLDRTDIHTFHRFYQYLALSKQVFREAAQNPEEVAEVFLTALRAPKPTLRYFTTERFLPLLRMRLDDPSGSNYVTAMHREVFG,ARTVVLITGCSSGIGLHLAVRLASDPSQSFKVYATLRDLKTQGRLWEAARALACPPGSLETLQLDVRDSKSVAAARERVTEGRVDVLVCNAGLGLLGPLEALGEDAVASVLDVNVVGTVRMLQAFLPDMKRRGSGRVLVTGSVGGLMGLPFNDVYCASKFALEGLCESLAVLLLPFGVHLSLIECGPVHTAFMEKVLGSPEEVLDRTDIHTFHRFYQYLALSKQVFREAAQNPEEVAEVFLTALRAPKPTLRYFTTERFLPLLRMRLDDPSGSNYVTAMHREVFG,ARTVVLITGCSSGIGLHLAVRLASDPSQSFKVYATLRDLKTQGRLWEAARALACPPGSLETLQLDVRDSKSVAAARERVTEGRVDVLVCNAGLGLLGPLEALGEDAVASVLDVNVVGTVRMLQAFLPDMKRRGSGRVLVTGSVGGLMGLPFNDVYCASKFALEGLCESLAVLLLPFGVHLSLIECGPVHTAFMEKVLEVLDRTDIHTFHRFYQYLALSKQVFREAAQNPEEVAEVFLTALRAPKPTLRYFTTERFLPLLRMRLDDPSGSNYVTAMHREVFG	7,8,9,10,11,12,13,14,15,34,35,36,37,40,63,64,65,66,67,88,89,90,91,92,93,111,112,113,139,140,141,142,143,154,158,161,182,183,184,185,186,187,188,189,190,191,192,194,221,225
1n22_2	IRRSGNYQPALWDSNYIQSLNTPYTEERHLDRKAELIVQVRILLKEKMEPVQQLELIHDLKYLGLSDFFQDEIKEILGVIYNEHKCFHDLYFTALGFRLLRQHGFNISQDVFNCFKNEKGIDFKASLAQDTKGMLQLYEASFLLRKGEDTLELAREFATKCLQKKLDEIDENLLLWIRHSLDLPLHWRIQSVEARWFIDAYARRPDMNPLIFELAKLNFNIIQATHQQELKDLSRWWSRLCFPEKLPFVRDRLVESFFWAVGMFEPHQHGYQRKMAATIIVLATVIDDIYDVYGTLDELELFTDTFKRWDTESITRLPYYMQLCYWGVHNYISDAAYDILKEHGFFCLQYLRKSVVDLVEAYFHEAKWYHSGYTPSLDEYLNIAKISVASPAIISPTYFTFANASHDTAVIDSLYQYHDILCLAGIILRLPDDLGTSYFELARGDVPKTIQCYMKETNASEEEAVEHVKFLIREAWKDMNTAIAAGYPFPDGMVAGAANIGRVAQFIYLHGDGFGVQHSKTYEHIAGLLFEPYA,LWDSNYIQSLNTPYTEERHLDRKAELIVQVRILLKEKMEPVQQLELIHDLKYLGLSDFFQDEIKEILGVIYNEHKCFHMDLYFTALGFRLLRQHGFNISQDVFNCFKNEKGIDFKASLAQDTKGMLQLYEASFLLRKGEDTLELAREFATKCLQKKLDENEIDENLLLWIRHSLDLPLHWRIQSVEARWFIDAYARRPDMNPLIFELAKLNFNIIQATHQQELKDLSRWWSRLCFPEKLPFVRDRLVESFFWAVGMFEPHQHGYQRKMAATIIVLATVIDDIYDVYGTLDELELFTDTFKRWDTESITRLPYYMQLCYWGVHNYISDAAYDILKEHGFFCLQYLRKSVVDLVEAYFHEAKWYHSGYTPSLDEYLNIAKISVASPAIISPTYFTFANASHDTAVIDSLYQYHDILCLAGIILRLPDDLGTSYFELARGDVPKTIQCYMKETNASEEEAVEHVKFLIREAWKDMNTAIAAGYPFPDGMVAGAANIGRVAQFIYLHGDGSKTYEHIAGLLFEPYA	776,782,785,805,806,807,809,810,813,817,888,913,914,915,916,919,954,955,958,1026
1d0v_1	LHALLRDIPAPDAEAMARTQQHIDGLLKPPGSLGRLETLAVQLAGMPGLNGTPQVGEKAVLVMCADHGVWDEGVAVSPKIVTAIQAANMTRGTTGVCVLAAQAGAKVHVIDVGIDAEPIPGVVNMRVARGCGNIAVGPAMSRLQAEALLLEVSRYACDLAQRGVTLFGVGELGMANTTPAAAMVSVFTGSDAKEVVGIGANLPPSRIDNKVDVVRRAIAINQPNPRDGIDVLSKVGGFDLVGMTGVMLGAARCGLPVLLDGFLSYSAALAACQIAPAVRPYLIPSHFSAEKGARIALAHLSMEPYLHMAMRLGEGSGAALAMPIVEAACAMFHNMGELAASNIVLP	69,73,74,75,76,80,81,84,88,170,171,172,173,174,175,176,177,178,197,198,199,200,201,209,238,262,289,310,311,312,313
2e82_4	MRVVVIGAGVIGLSTALCIHERYHSVLQPLDIKVYADRFTPLTTTDVAAGLWQPYLSDPNNPQEADWSQQTFDYLLSHVHSPNAENLGLFLISGYNLFHEAIPDPSWKDTVLGFRKLTPRELDMFPDYGYGWFHTSLILEGKNYLQWLTERLTERGVKFFQRKVESFEEVAREGADVIVNCTGVWAGALQRDPLLQPGRGQIMKVDAPWMKHFILTHDPERGIYNSPYIIPGTQTVTLGGIFQLGNWSELNNIQDHNTIWEGCCRLEPTLKNARIIGERTGFRPVRPQIRLEREQLRTGPSNTEVIHNYGHGGYGLTIHWGCALEAAKLFGRILEEKKLS,MRVVVIGAGVIGLSTALCIHERYHSVLQPLDIKVYADRFTPLTTTDVAAGLWQPYLSDPNNPQEADWSQQTFDYLLSHVHSPNAENLGLFLISGYNLFHEAIPDPSWKDTVLGFRKLTPRELDMFPDYGYGWFHTSLILEGKNYLQWLTERLTERGVKFFQRKVESFEEVAREGADVIVNCTGVWAGALQRDPLLQPGRGQIMKVDAPWMKHFILTHDPERGIYNSPYIIPGTQTVTLGGIFQLGNWSELNNIQDHNTIWEGCCRLEPTLKNARIIGERTGFRPVRPQIRLEREQLRTGPSNTEVIHNYGHGGYGLTIHWGCALEAAKLFGRILEEKKLS,MRVVVIGAGVIGLSTALCIHERYHSVLQPLDIKVYADRFTPLTTTDVAAGLWQPYLSDPNNPQEADWSQQTFDYLLSHVHSPNAENLGLFLISGYNLFHEAIPDPSWKDTVLGFRKLTPRELDMFPDYGYGWFHTSLILEGKNYLQWLTERLTERGVKFFQRKVESFEEVAREGADVIVNCTGVWAGALQRDPLLQPGRGQIMKVDAPWMKHFILTHDPERGIYNSPYIIPGTQTVTLGGIFQLGNWSELNNIQDHNTIWEGCCRLEPTLKNARIIGERTGFRPVRPQIRLEREQLRTGPSNTEVIHNYGHGGYGLTIHWGCALEAAKLFGRILEEKKLS,MRVVVIGAGVIGLSTALCIHERYHSVLQPLDIKVYADRFTPLTTTDVAAGLWQPYLSDPNNPQEADWSQQTFDYLLSHVHSPNAENLGLFLISGYNLFHEAIPDPSWKDTVLGFRKLTPRELDMFPDYGYGWFHTSLILEGKNYLQWLTERLTERGVKFFQRKVESFEEVAREGADVIVNCTGVWAGALQRDPLLQPGRGQIMKVDAPWMKHFILTHDPERGIYNSPYIIPGTQTVTLGGIFQLGNWSELNNIQDHNTIWEGCCRLEPTLKNARIIGERTGFRPVRPQIRLEREQLRTGPSNTEVIHNYGHGGYGLTIHWGCALEAAKLFGRILEEKKLS	1068,1070,1072,1073,1074,1075,1115,1221,1234,1235,1236,1241,1242,1243,1244,1245,1246,1247,1249,1259,1260,1261,1302,1331,1332,1333,1336
2x7s_2	HWGYGKHNGPEHWHKDFPIAKGERQSPVDIDTHTAKYDPSLKPLSVSYDQATSLRILNNGHAFNVEFDDSDKAVLKGGPLDGTYRLIQFHFHWGSLDGQGSEHTVDKKKYAAELHLVHWNTKYGDFGKAVQQPDGLAVLGIFLKVGSAKPGLQKVVDVLDSIKTKGKSADFTNFDPRGLLPESLDYWTYPGSLTTPPLLECVTWIVLKEPISVSSEQVLKFRKLNFNGEGEPEELMVDNWRPAQPLKNRQIKASFK	54,56,58,61,62,63,64,65,66,68,86,87,89,116,118,124,125,126,127,129
