PDB	Sequences	Binding_sites
1a2kC	QVQFKLVLVGDGGTGKTTFVKRHLTGEFEKKYVATLGVEVHPLVFHTNRGPIKFNVWDTAGQEKFGGLRDGYYIQAQCAIIMFDVTSRVTYKNVPNWHRDLVRVCENIPIVLCGNKVDIKDRKVKAKSIVFHRKKNLQYYDISAKSNYNFEKPFLWLARKLIGDPNLEFVAMPALAPPEVVMDPALAAQYEHDLEV	11,12,13,14,15,16,17,62,114,115,117,118,142,143,144
1bs1A	SKRYFVTGTDTEVGKTVASCALLQAAKAAGYRTAGYKPVASGSEKTPEGLRNSDALALQRNSSLQLDYATVNPYTFAEPTSPHIISAQEGRPIESLVMSAGLRALEQQADWVLVEGAGGWFTPLSDTFTFADWVTQEQLPVILVVGVKLGCINHAMLTAQVIQHAGLTLAGWVANDVTPPGKRHAEYMTTLTRMIPAPLLGEIPWLAENPENAATGKYINLALL	10,14,36,39,40,53,78,79,80,114,116,117,121
1bs1A	SKRYFVTGTDTEVGKTVASCALLQAAKAAGYRTAGYKPVASGSEKTPEGLRNSDALALQRNSSLQLDYATVNPYTFAEPTSPHIISAQEGRPIESLVMSAGLRALEQQADWVLVEGAGGWFTPLSDTFTFADWVTQEQLPVILVVGVKLGCINHAMLTAQVIQHAGLTLAGWVANDVTPPGKRHAEYMTTLTRMIPAPLLGEIPWLAENPENAATGKYINLALL	10,11,12,13,14,15,16,114,174,175,202,203,204,205,209,210
1bsvA	KQRVFIAGHRGMVGSAIRRQLEQRGDVELVLRTRDELNLLDSRAVHDFFASERIDQVYLAAAKVGGIVANNTYPADFIYQNMMIESNIIHAAHQNDVNKLLFLGSSCIYPKLAKQPMAESELLQGTLEPTNEPYAIAKIAGIKLCESYNRQYGRDYRSVMPTNLYGPHDNFHPSNSHVIPALLRRFHEATAQNAPDVVVWGSGTPMREFLHVDDMAAASIHVMELAHEVWLENTQPMLSHINVGTGVDCTIRELAQTIAKVVGYKGRVVFDASKPDGTPRKLLDVTRLHQLGWYHEISLEAGLASTYQWFLENQDRF	7,9,10,11,12,33,36,37,38,39,59,60,61,63,83,102,103,104,133,137,160,161,163,176
1c3jA	MKIAIINMGNNVINFKTVPSSETIYLFKVISEMGLNVDIISLKNGVYTKSFDEVDVNDYDRLIVVNSNLAILSAQKFMAKYKSKIYYLFTDIRLPFSQSAYLYTEEELLIKSPIKVISQGINLDIAKAAHKKVDNVIEFEYFPIEQYKIHMNDFQLSKPTKKTLDVIYGGSFRSGQRESKMVEFLFDTGLNIEFFGNAREKQFKNPKYPWTKAPVFTGKIPMNMVSEKNSQAIAALIIGDKNYNDNFITLRVWETMASDAVMLIDEEFDTKHRIINDARFYVNNRAELIDRVNELKHSDVLRKEMLSIQHDILNKTRAKKAEWQDAFKKAIDL	17,168,169,170,172,176,194,195,218,219,221,224,242,249,250,253
1cenA	MVSFKAGINLGGWISQYQVFSKEHFDTFITEKDIETIAEAGFDHVRLPFDYPIIESDDNVGEYKEDGLSYIDRCLEWCKKYNLGLVLDMHHAPGYTSTLFEDPNQQKRFVDIWRFLAKRYINEREHIAFELLNQVVEPDSTRWNKLMLECIKAIREIDSTMWLYIGGNNYNSPDELKNLADIDDDYIVYNFHFYNPFFFTHQKAHWSESAMAYNRTVKYPGQYEGIEEFVKNNPKYSFMMELNNLKLNKELLRKDLKPAIEFREKKKCKLYCGEFGVIAIADLESRIKWHEDYISLLEEYDIGGAVWNYKKMDFEIYNEDRKPVSQELVNILAR	15,205,306,311,312,313
1cenA	MVSFKAGINLGGWISQYQVFSKEHFDTFITEKDIETIAEAGFDHVRLPFDYPIIESDDNVGEYKEDGLSYIDRCLEWCKKYNLGLVLDMHHAPGYTSTLFEDPNQQKRFVDIWRFLAKRYINEREHIAFELLNQVVEPDSTRWNKLMLECIKAIREIDSTMWLYIGGNNYNSPDELKNLADIDDDYIVYNFHFYNPFFFTHQKAHWSESAMAYNRTVKYPGQYEGIEEFVKNNPKYSFMMELNNLKLNKELLRKDLKPAIEFREKKKCKLYCGEFGVIAIADLESRIKWHEDYISLLEEYDIGGAVWNYKKMDFEIYNEDRKPVSQELVNILAR	15,89,132,133,193,200,205,273,306,313
1eswA	MELPRAFGLLLHPTSLPGPYGVGVLGREARDFLRFLKEAGGRYWQVLPLGPTGYGDSPYQSFSAFAGNPYLIDLRPLAERGYVRLEDPGFPQGRVDYGLLYAWKWPALKEAFRGFKEKASPEEREAFAAFREREAWWLEDYALFMALKGAHGGLPWNRWPLPLRKREEKALREAKSALAEEVAFHAFTQWLFFRQWGALKAEAEALGIRIIGDMPIFVAEDSAEVWAHPEWFHLDEEGRPTVVAGVPPDYFSETGQRWGNPLYRWDVLEREGFSFWIRRLEKALELFHLVRIDHFRGFEAYWEIPASCPTAVEGRWVKAPGEKLFQKIQEVFGEVPVLAEDLGVITPEVEALRDRFGLPGMKVLQFAFDDGMENPFLPHNYPAHGRVVVYTGTHDNDTTLGWYRTATPHEKAFMARYLADWGITFREEEEVPWALMHLGMKSVARLAVYPVQDVLALGSEARMNYPGRPSGNWAWRLLPGELSPEHGARLRAMAEATERL	56,58,59,255,257,292,293,339,393,394,463,465,472
1eswA	MELPRAFGLLLHPTSLPGPYGVGVLGREARDFLRFLKEAGGRYWQVLPLGPTGYGDSPYQSFSAFAGNPYLIDLRPLAERGYVRLEDPGFPQGRVDYGLLYAWKWPALKEAFRGFKEKASPEEREAFAAFREREAWWLEDYALFMALKGAHGGLPWNRWPLPLRKREEKALREAKSALAEEVAFHAFTQWLFFRQWGALKAEAEALGIRIIGDMPIFVAEDSAEVWAHPEWFHLDEEGRPTVVAGVPPDYFSETGQRWGNPLYRWDVLEREGFSFWIRRLEKALELFHLVRIDHFRGFEAYWEIPASCPTAVEGRWVKAPGEKLFQKIQEVFGEVPVLAEDLGVITPEVEALRDRFGLPGMKVLQFAFDDGMENPFLPHNYPAHGRVVVYTGTHDNDTTLGWYRTATPHEKAFMARYLADWGITFREEEEVPWALMHLGMKSVARLAVYPVQDVLALGSEARMNYPGRPSGNWAWRLLPGELSPEHGARLRAMAEATERL	52,53,54,55,96,97,100,152,468,469
1eyrA	MEKQNIAVILARQNSKGLPLKNLRKMNGISLLGHTINAAISSKCFDRIIVSTDGGLIAEEAKNFGVEVVLRPAELASDTASSISGVIHALETIGSNSGTVTLLQPTSPLRTGAHIREAFSLFDEKIKGSVVSACPMEHHPLKTLLQINNGEYAPMRHLSDLEQPRQQLPQAFRPNGAIYINDTASLIANNCFFIAPTKLYIMSHQDSIDIDTELDLQQAENILNH	9,10,11,14,20,21,70,74,79,80,81,104,105,210
1f8gA	MKIAIPKERRPGEDRVAISPEVVKKLVGLGFEVIVEQGAGVGASITDDALTAAGATIASTAAQALSQADVVWKVQRPMTAEEGTDEVALIKEGAVLMCHLGALTNRPVVEALTKRKITAYAMELMPRISRAQSMDILSSQSNLAGYRAVIDGAYEFARAFPMMMTAAGTVPPARVLVFGVGVAGLQAIATAKRLGAVVMATDVRAATKEQVESLGGKFITVDDEATAETAGGYAKEMGEEFRKKQAEAVLKELVKTDIAITTALIPGKPAPVLITEEMVTKMKPGSVIIDLAVEAGGNCPLSEPGKIVVKHGVKIVGHTNVPSRVAADASPLFAKNLLNFLTPHVDKDTKTLVMKLEDETVSGTCVTRDGAIVHPALTGQGA	126,134,136,137,178,179,180,181,201,202,203,231,232,233,234,244,261,262,263,270,272
1ffqA	AAPGKPTIAWGNTKFAIVEVDQAATAYNNLVKVKNAADVSVSWNLWNGDTGTTAKVLLNGKEAWSGPSTGSSGTANFKVNKGGRYQMQVALCNADGCTASDATEIVVADTDGSHLAPLKEPLLEKNKPYKQNSGKVVGSYFVEWGVYGRNFTVDKIPAQNLTHLLYGFIPICGGNGINDSLKEIEGSFQALQRSCQGREDFKVSIHDPFAALQKAQKGVTAWDDPYKGNFGQLMALKQAHPDLKILPSIGGWTLSDPFFFMGDKVKRDRFVGSVKEFLQTWKFFDGVDIDWEFPGGKGANPNLGSPQDGETYVLLMKELRAMLDQLSVETGRKYELTSAISAGKDKIDKVAYNVAQNSMDHIFLMSYDFYGAFDLKNLGHQTALNAPAWKPDTAYTTVNGVNALLAQGVKPGKIVVGTAMYGRGWTGVNGYQNNIPFTGTATGPVKGTWENGIVDYRQIAGQFMSGEWQYTYDATAEAPYVFKPSTGDLITFDDARSVQAKGKYVLDKQLGGLFSWEIDADNGDILNSMNASLGNSAGVQ	139,167,250,251,289,291,338,364,366,367,420,422,513,515
1ffqA	AAPGKPTIAWGNTKFAIVEVDQAATAYNNLVKVKNAADVSVSWNLWNGDTGTTAKVLLNGKEAWSGPSTGSSGTANFKVNKGGRYQMQVALCNADGCTASDATEIVVADTDGSHLAPLKEPLLEKNKPYKQNSGKVVGSYFVEWGVYGRNFTVDKIPAQNLTHLLYGFIPICGGNGINDSLKEIEGSFQALQRSCQGREDFKVSIHDPFAALQKAQKGVTAWDDPYKGNFGQLMALKQAHPDLKILPSIGGWTLSDPFFFMGDKVKRDRFVGSVKEFLQTWKFFDGVDIDWEFPGGKGANPNLGSPQDGETYVLLMKELRAMLDQLSVETGRKYELTSAISAGKDKIDKVAYNVAQNSMDHIFLMSYDFYGAFDLKNLGHQTALNAPAWKPDTAYTTVNGVNALLAQGVKPGKIVVGTAMYGRGWTGVNGYQNNIPFTGTATGPVKGTWENGIVDYRQIAGQFMSGEWQYTYDATAEAPYVFKPSTGDLITFDDARSVQAKGKYVLDKQLGGLFSWEIDADNGDILNSMNASLGNSAGVQ	143,148,183,252,448,449
1ffqA	AAPGKPTIAWGNTKFAIVEVDQAATAYNNLVKVKNAADVSVSWNLWNGDTGTTAKVLLNGKEAWSGPSTGSSGTANFKVNKGGRYQMQVALCNADGCTASDATEIVVADTDGSHLAPLKEPLLEKNKPYKQNSGKVVGSYFVEWGVYGRNFTVDKIPAQNLTHLLYGFIPICGGNGINDSLKEIEGSFQALQRSCQGREDFKVSIHDPFAALQKAQKGVTAWDDPYKGNFGQLMALKQAHPDLKILPSIGGWTLSDPFFFMGDKVKRDRFVGSVKEFLQTWKFFDGVDIDWEFPGGKGANPNLGSPQDGETYVLLMKELRAMLDQLSVETGRKYELTSAISAGKDKIDKVAYNVAQNSMDHIFLMSYDFYGAFDLKNLGHQTALNAPAWKPDTAYTTVNGVNALLAQGVKPGKIVVGTAMYGRGWTGVNGYQNNIPFTGTATGPVKGTWENGIVDYRQIAGQFMSGEWQYTYDATAEAPYVFKPSTGDLITFDDARSVQAKGKYVLDKQLGGLFSWEIDADNGDILNSMNASLGNSAGVQ	143,167,250,251,252,420,449,452,515,516
1fk6A	AISCGQVASAIAPCISYARGQGSGPSAGCCSGVRSLNNAARTTADRRAACNCLKNAAAGVSGLNAGNAASIPSKCGVSIPYTISTSTDCSRVN	32,35,36,39,45,48,52,56,70,78,80,82
1fqoA	MRLIPLTTAEQVGKWAARHIVNRINAFKPTADRPFVLGLPTGGTPMTTYKALVEMHKAGQVSFKHVVTFNMDEYVGLPKEHPESYYSFMHRNFFDHVDIPAENINLLNGNAPDIDAECRQYEEKIRSYGKIHLFMGGVGNDGHIAFNEPASSLASRTRIKTLTHDTRVANSRFFDNDVNQVPKYALTVGVGTLLDAEEVMILVLGSQKALALQAAVEGCVNHMWTISCLQLHPKAIMVCDEPSTMELKVKTLRYFNELEAENIKGL	150,151,157,158,159
1fqoA	MRLIPLTTAEQVGKWAARHIVNRINAFKPTADRPFVLGLPTGGTPMTTYKALVEMHKAGQVSFKHVVTFNMDEYVGLPKEHPESYYSFMHRNFFDHVDIPAENINLLNGNAPDIDAECRQYEEKIRSYGKIHLFMGGVGNDGHIAFNEPASSLASRTRIKTLTHDTRVANSRFFDNDVNQVPKYALTVGVGTLLDAEEVMILVLGSQKALALQAAVEGCVNHMWTISCLQLHPKAIMVCDEPSTMELKVKTLRYFNELEAENIKGL	40,41,42,43,70,71,136,137,138,142,144,171,207
1fthA	MIVGHGIDIEELASIESAVTRHEGFAKRVLTALEMERFTSLKGRRQIEYLAGRWSAKEAFSKAMGTGISKLGFQDLEVLNNERGAPYFSQAPFSGKIWLSISHTDQFVTASVILEEN	7,61,64,65,66
1g97A	SNFAIILAAGKGTRMKSDLPKVLHKVAGISMLEHVFRSVGAIQPEKTVTVVGHKAELVEEVLAGQTEFVTQSEQLGTGHAVMMTEPILEGLSGHTLVIAGDTPLITGESLKNLIDFHINHKNVATILTAETDNPFGYGRIVRNDNAEVLRIVEQKDATDFEKQIKEINTGTYVFDNERLFEALKNINTNNAQGEYYITDVIGIFRETGEKVGAYTLKDFDESLGVNDRVALATAESVMRRRINHKHMVNGVSFVNPEATYIDIDVEIASEVQIEANVTLKGQTKIGAETVLTNGTYVVDSTIGAGAVITNSMIEESSVADGVIVGPYAHIRPNSSLGAQVHIGNFVEVKGSSIGENTKAGHLTYIGNCEVGSNVNFGAGTITVNYDGKNKYKTVIGNNVFVGSNSTIIAPVELGDNSLVGAGSTITKDVPADAIAIGRGRQINKDE	6,7,8,9,20,70,73,74,75,76,79,98,99,100,101,136,137,152,167,168,195,196,197,223,225
1goyA	VINTFDGVADYLIRYKRLPNDYITKSQASALGWVASKGDLAEVAPGKSIGGDVFSNREGRLPSAGSRTWREADINYVSGFRNADRLVYSSDWLIYKTTDHYATFTRIR	24,52,53,54,55,56,57,70,80,84,99,100
1gsaA	MIKLGIVMDPIANINIKKDSSFAMLLEAQRRGYELHYMEMGDLYLINGEARAHTRTLNVKQNYEEWFSFVGEQDLPLADLDVILMRKDPPFDTEFIYATYILERAEEKGTLIVNKPQSLRDCNEKLFTAWFSDLTPETLVTRNKAQLKAFWEKHSDIILKPLDGMGGASIFRVKEGDPNLGVIAETLTEHGTRYCMAQNYLPAIKDGDKRVLVVDGEPVPYCLARIPQGGETRGNLAAGGRGEPRPLTESDWKIARQIGPTLKEKGLIFVGLDIIGDRLTEINVTSPTCIREIEAEFPVSITGMLMDAIEARLQ	124,157,159,163,164,165,166,167,169,197,198,199,200,203,207,231,232,233,234,272,274,280
1gsaA	MIKLGIVMDPIANINIKKDSSFAMLLEAQRRGYELHYMEMGDLYLINGEARAHTRTLNVKQNYEEWFSFVGEQDLPLADLDVILMRKDPPFDTEFIYATYILERAEEKGTLIVNKPQSLRDCNEKLFTAWFSDLTPETLVTRNKAQLKAFWEKHSDIILKPLDGMGGASIFRVKEGDPNLGVIAETLTEHGTRYCMAQNYLPAIKDGDKRVLVVDGEPVPYCLARIPQGGETRGNLAAGGRGEPRPLTESDWKIARQIGPTLKEKGLIFVGLDIIGDRLTEINVTSPTCIREIEAEFPVSITGMLMDAIEARLQ	17,18,19,20,85,87,88,164,209,224,234,235,236,284,285,286,287
1gwxA	QVADLKAFSKHIYNAYLKNFNMTKKKARSILTGKASHTAPFVIHDIETLWQAEKGLVWKQLVNGLPPYKEISVHVFYRCQCTTVETVRELTEFAKSIPSFSSLFLNDQVTLLKYGVHEAIFAMLASIVNKDGLLVANGSGFVTREFLRSLRKPFSDIIEPKFEFAVKFNALELDDSDLALFIAAIILCGDRPGLMNVPRVEAIQDTILRALEFHLQANHPDAQYLFPKLLQKMADLRQLVTEHAQMMQRIKKTETETSLHPLLQEIYKDM	74,75,77,78,79,81,82,85,116,119,120,122,123,134,141,146,157,242,246,258,266
1h0sA	ELIVNVINGPNLGRLGRRGTTHDELVALIEREAAELGLKAVVRQSDSEAQLLDWIHQAADAAEPVILNAGGLTHTSVALRDACAELSAPLIEVHISNVHAREEFRRHSYLSPIATGVIVGLGIQGYLLALRYLAEHV	9,10,11,17,67,69,70,73,93,94,95,97,104
1ixnA	AELLLGVNIDHIATLRNARGTAYPDPVQAAFIAEQAGADGITVHLREDRRHITDRDVRILRQTLDTRMNLEMAVTEEMLAIAVETKPHFCCLVPEKRQEVTTEGGLDVAGQRDKMRDACKRLADAGIQVSLFIDADEEQIKAAAEVGAPFIEIHTGCYADAKTDAEQAQELARIAKAATFAASLGLKVNAGHGLTYHNVKAIAAIPEMHELNIGHAIIGRAVMTGLKDAVAEMKRLMLEARG	7,70,151,191,192,211,212,213,214
1ixnA	AELLLGVNIDHIATLRNARGTAYPDPVQAAFIAEQAGADGITVHLREDRRHITDRDVRILRQTLDTRMNLEMAVTEEMLAIAVETKPHFCCLVPEKRQEVTTEGGLDVAGQRDKMRDACKRLADAGIQVSLFIDADEEQIKAAAEVGAPFIEIHTGCYADAKTDAEQAQELARIAKAATFAASLGLKVNAGHGLTYHNVKAIAAIPEMHELNIGHAIIGRAVMTGLKDAVAEMKRLMLEARG	7,9,10,43,45,50,70,100,101,131,191
1j8rA	WNNIVFYSLGDVNSYQGGNVVITQRPQFITSWRPGIATVTWNQCNGPEFADGFWAYYREYIAWVVFPKKVMTQNGYPLFIEVHNKGSWSEENTGDNDSYFFLKGYKWDERAFDAGNLCQKPGEITRLTEKFDDIIFKVALPADLPLGDYSVKIPYTSGMQRHFASYLGARFKIPYNVAKTLPRENEMLFLFKNIGG	58,103,106,169
1j8rA	WNNIVFYSLGDVNSYQGGNVVITQRPQFITSWRPGIATVTWNQCNGPEFADGFWAYYREYIAWVVFPKKVMTQNGYPLFIEVHNKGSWSEENTGDNDSYFFLKGYKWDERAFDAGNLCQKPGEITRLTEKFDDIIFKVALPADLPLGDYSVKIPYTSGMQRHFASYLGARFKIPYNVAKTLPRENEMLFLFKNIGG	90,171
1j8rA	WNNIVFYSLGDVNSYQGGNVVITQRPQFITSWRPGIATVTWNQCNGPEFADGFWAYYREYIAWVVFPKKVMTQNGYPLFIEVHNKGSWSEENTGDNDSYFFLKGYKWDERAFDAGNLCQKPGEITRLTEKFDDIIFKVALPADLPLGDYSVKIPYTSGMQRHFASYLGARFKIPYNVAKTLPRENEMLFLFKNIGG	88,90,101,102,103,171
1j8rA	WNNIVFYSLGDVNSYQGGNVVITQRPQFITSWRPGIATVTWNQCNGPEFADGFWAYYREYIAWVVFPKKVMTQNGYPLFIEVHNKGSWSEENTGDNDSYFFLKGYKWDERAFDAGNLCQKPGEITRLTEKFDDIIFKVALPADLPLGDYSVKIPYTSGMQRHFASYLGARFKIPYNVAKTLPRENEMLFLFKNIGG	106,169
1k7eA	MERYENLFAQLNDRREGAFVPFVTLGDPGIEQSLKIIDTLIDAGADALELGVPFSDPLADGPTIQNANLRAFAAGVTPAQCFEMLALIREKHPTIPIGLLMYANLVFNNGIDAFYARCEQVGVDSVLVADVPVEESAPFRQAALRHNIAPIFICPPNADDDLLRQVASYGRGYTYLLSRSGVTGPLHHLIEKLKEYHAAPALQGFGISSPEQVSAAVRAGAAGAISGSAIVKIIEKNLASPKQMLAELRSFVSAMKAASRA	21,48,59,63,99,152,174,182,204,205,224,226,227
1kgzB	THQPILEKLFKSQSMTQEESHQLFAAIVRGELEDSQLAAALISMKMRGERPEEIAGAASALLADAQPFPRPDYDFADIVGTGGDGTNSINISTASAFVAASCGAKVAKHGNRSVLAGSCDLLQAFGIRLDMSAEDSRQALDDLNVCFLFAPQYHTGFRHAMPVRQQLKTRTIFNVLGPLINPARPPKALIGVYSPELVLPIAQALKVLGYKNAAVVHGGGMDEVAIHTPTQVAELNNGEIESYQLSPQDFGLQSYSLNALQGGTPEENRDILARLLQGKGDAAHARQVAANVALLLKLFGQDNLRHNAQLALETIRSGTAFERVTALAAR	78,79,81,82,89,90,91,92,107,112,115,116,117,222
1lbyA	MDERDALRISREIAGEVRKAIASMPLRERVKDVGMGKDGTPTKAADRVAEDAALEILRKERVTVVTEESGVLGEGDVFVALDPLDGTFNATRGIPVYSVSLCFSYSDKLKDAFFGYVYNLATGDEYYADSSGAYRNGERIEVSDAEELYCNAIIYYPDRKFPFKRMRIFGSAATELCFFADGSFDCFLDIRPGKMLRIYDAAAGVFIAEKAGGKVTELDGESLGNKKFDMQERLNIVAANEKLHPKLLELIK	84,85,154,169,170,171,174,190,194,195,199
1lbyA	MDERDALRISREIAGEVRKAIASMPLRERVKDVGMGKDGTPTKAADRVAEDAALEILRKERVTVVTEESGVLGEGDVFVALDPLDGTFNATRGIPVYSVSLCFSYSDKLKDAFFGYVYNLATGDEYYADSSGAYRNGERIEVSDAEELYCNAIIYYPDRKFPFKRMRIFGSAATELCFFADGSFDCFLDIRPGKMLRIYDAAAGVFIAEKAGGKVTELDGESLGNKKFDMQERLNIVAANEKLHPKLLELIK	164,166
1lloA	GGIAIYWGQNGNEGTLTQTCSTRKYSYVNIAFLNKFGNGQTPQINLAGHCNPAAGGCTIVSNGIRSCQIQGIKVMLSLGGGIGSYTLASQADAKNVADYLWNNFLGGKSSSRPLGDAVLDGIDFDIEHGSTLYWDDLARYLSAYSKQGKKVYLTAAPQCPFPDRYLGTALNTGLFDYVWVQFYNNPPCQYSSGNINNIINSWNRWTTSINAGKIFLGLPAAPEAAGSGYVPPDVLISRILPEIKKSPKYGGVMLWSKFYDDKNGYSSSILDSV	5,31,79,80,124,126,180,182,223,252,254
1lloA	GGIAIYWGQNGNEGTLTQTCSTRKYSYVNIAFLNKFGNGQTPQINLAGHCNPAAGGCTIVSNGIRSCQIQGIKVMLSLGGGIGSYTLASQADAKNVADYLWNNFLGGKSSSRPLGDAVLDGIDFDIEHGSTLYWDDLARYLSAYSKQGKKVYLTAAPQCPFPDRYLGTALNTGLFDYVWVQFYNNPPCQYSSGNINNIINSWNRWTTSINAGKIFLGLPAAPEAAGSGYVPPDVLISRILPEIKKSPKYGGVMLWSKFYDDKNGYSSSILDSV	8,33,44,46,81
1lloA	GGIAIYWGQNGNEGTLTQTCSTRKYSYVNIAFLNKFGNGQTPQINLAGHCNPAAGGCTIVSNGIRSCQIQGIKVMLSLGGGIGSYTLASQADAKNVADYLWNNFLGGKSSSRPLGDAVLDGIDFDIEHGSTLYWDDLARYLSAYSKQGKKVYLTAAPQCPFPDRYLGTALNTGLFDYVWVQFYNNPPCQYSSGNINNIINSWNRWTTSINAGKIFLGLPAAPEAAGSGYVPPDVLISRILPEIKKSPKYGGVMLWSKFYDDKNGYSSSILDSV	8,31,79,80,81,222,223,254,258
1llrD	TPQNITDLCAEYHNTQIHTLNDKIFSYTESLAGKREMAIITFKNGATFQVEVPGSQHIDSQKKAIERMKDTLRIAYLTEAKVEKLCVWNNKTPHAIAAISMAN	11,50,55,56,60,87,89,90
1llrD	TPQNITDLCAEYHNTQIHTLNDKIFSYTESLAGKREMAIITFKNGATFQVEVPGSQHIDSQKKAIERMKDTLRIAYLTEAKVEKLCVWNNKTPHAIAAISMAN	31,32
1llrD	TPQNITDLCAEYHNTQIHTLNDKIFSYTESLAGKREMAIITFKNGATFQVEVPGSQHIDSQKKAIERMKDTLRIAYLTEAKVEKLCVWNNKTPHAIAAISMAN	10,11,12
1llrD	TPQNITDLCAEYHNTQIHTLNDKIFSYTESLAGKREMAIITFKNGATFQVEVPGSQHIDSQKKAIERMKDTLRIAYLTEAKVEKLCVWNNKTPHAIAAISMAN	33,34
1lspA	RTDCYGNVNRIDTTGASCKTAKPEGLSYCGVPASKTIAERDLKAMDRYKTIIKKVGEKLCVEPAVIAGIISRESHAGKVLKNGWGDRGNGFGLMQVDKRSHKPQGTWNGEVHITQGTTILTDFIKRIQKKFPSWTKDQQLKGGISAYNAGAGNVRSYARMDIGTTHDDYANDVVARAQYYKQHGY	72,84,85,86,87,88,89,94,95,96,99,100,118,122,146,147,148,149
1lxmA	HPQPVTTQIEKSVNTALNKNYVFNKADYQYTLTNPSLGKIVGGILYPNATGSTTVKISDKSGKIIKEVPLSVTASTEDNFTKLLDKWNDVTIGNYVYDTNDSNMQKLNQKLDETNAKNIEAIKLDSNRTFLWKDLDNLNNSAQLTATYRRLEDLAKQITNPHSTIYKNEKAIRTVKESLAWLHQNFYNVNKDIEGSANWWDFEIGVPRSITGTLSLMNNYFTDAEIKTYTDPIEHFVPDAEYFRKTLVNPFKALGGNLVDMGRVKIIEGLLRKDNTIIEKTSHSLKNLFTTATKAEGFYADGSYIDHTNVAYTGAYGNVLIDGLTQLLPIIQETDYKISNQELDMVYKWINQSFLPLIVKGELMDMSRGRSISREAASSHAAAVEVLRGFLRLANMSNEERNLDLKSTIKTIITSNKFYNVFNNLKSYSDIANMNKLLNDSTVATKPLKSNLSTFNSMDRLAYYNAKKDFGFALSLHSKRTLNYEGMNDENTRGWYTGDGMFYIYNSDQSHYSNHFWPTVNPYKMAGTTEKDAKREDTTKEAKEKTGQVTGTSDFVGSVKLNDHFALAAMDFTNWDRTLTAQKGWVILNDKIVFLGSNIKNTNGIGNVSTTIDQRKDDSKTPYTTYVNGKTISQQFTDTKSVFLESKEPGRNIGYIFFKNSTIDIERKEQTGTWNSINRTSKNTSIVSNPFITISQKHDSYGYMMVPNIDRTSFDKLANSKEVELLENSSKQQVIYDKNSQTWAVIKHDNQESLINNQFKMNKAGLYLVQKVGNDYQNVYYQPQTMTKTDQLAI	198,243,248,250
1lxmA	HPQPVTTQIEKSVNTALNKNYVFNKADYQYTLTNPSLGKIVGGILYPNATGSTTVKISDKSGKIIKEVPLSVTASTEDNFTKLLDKWNDVTIGNYVYDTNDSNMQKLNQKLDETNAKNIEAIKLDSNRTFLWKDLDNLNNSAQLTATYRRLEDLAKQITNPHSTIYKNEKAIRTVKESLAWLHQNFYNVNKDIEGSANWWDFEIGVPRSITGTLSLMNNYFTDAEIKTYTDPIEHFVPDAEYFRKTLVNPFKALGGNLVDMGRVKIIEGLLRKDNTIIEKTSHSLKNLFTTATKAEGFYADGSYIDHTNVAYTGAYGNVLIDGLTQLLPIIQETDYKISNQELDMVYKWINQSFLPLIVKGELMDMSRGRSISREAASSHAAAVEVLRGFLRLANMSNEERNLDLKSTIKTIITSNKFYNVFNNLKSYSDIANMNKLLNDSTVATKPLKSNLSTFNSMDRLAYYNAKKDFGFALSLHSKRTLNYEGMNDENTRGWYTGDGMFYIYNSDQSHYSNHFWPTVNPYKMAGTTEKDAKREDTTKEAKEKTGQVTGTSDFVGSVKLNDHFALAAMDFTNWDRTLTAQKGWVILNDKIVFLGSNIKNTNGIGNVSTTIDQRKDDSKTPYTTYVNGKTISQQFTDTKSVFLESKEPGRNIGYIFFKNSTIDIERKEQTGTWNSINRTSKNTSIVSNPFITISQKHDSYGYMMVPNIDRTSFDKLANSKEVELLENSSKQQVIYDKNSQTWAVIKHDNQESLINNQFKMNKAGLYLVQKVGNDYQNVYYQPQTMTKTDQLAI	197,199,315,369,487
1lxmA	HPQPVTTQIEKSVNTALNKNYVFNKADYQYTLTNPSLGKIVGGILYPNATGSTTVKISDKSGKIIKEVPLSVTASTEDNFTKLLDKWNDVTIGNYVYDTNDSNMQKLNQKLDETNAKNIEAIKLDSNRTFLWKDLDNLNNSAQLTATYRRLEDLAKQITNPHSTIYKNEKAIRTVKESLAWLHQNFYNVNKDIEGSANWWDFEIGVPRSITGTLSLMNNYFTDAEIKTYTDPIEHFVPDAEYFRKTLVNPFKALGGNLVDMGRVKIIEGLLRKDNTIIEKTSHSLKNLFTTATKAEGFYADGSYIDHTNVAYTGAYGNVLIDGLTQLLPIIQETDYKISNQELDMVYKWINQSFLPLIVKGELMDMSRGRSISREAASSHAAAVEVLRGFLRLANMSNEERNLDLKSTIKTIITSNKFYNVFNNLKSYSDIANMNKLLNDSTVATKPLKSNLSTFNSMDRLAYYNAKKDFGFALSLHSKRTLNYEGMNDENTRGWYTGDGMFYIYNSDQSHYSNHFWPTVNPYKMAGTTEKDAKREDTTKEAKEKTGQVTGTSDFVGSVKLNDHFALAAMDFTNWDRTLTAQKGWVILNDKIVFLGSNIKNTNGIGNVSTTIDQRKDDSKTPYTTYVNGKTISQQFTDTKSVFLESKEPGRNIGYIFFKNSTIDIERKEQTGTWNSINRTSKNTSIVSNPFITISQKHDSYGYMMVPNIDRTSFDKLANSKEVELLENSSKQQVIYDKNSQTWAVIKHDNQESLINNQFKMNKAGLYLVQKVGNDYQNVYYQPQTMTKTDQLAI	207
1lxmA	HPQPVTTQIEKSVNTALNKNYVFNKADYQYTLTNPSLGKIVGGILYPNATGSTTVKISDKSGKIIKEVPLSVTASTEDNFTKLLDKWNDVTIGNYVYDTNDSNMQKLNQKLDETNAKNIEAIKLDSNRTFLWKDLDNLNNSAQLTATYRRLEDLAKQITNPHSTIYKNEKAIRTVKESLAWLHQNFYNVNKDIEGSANWWDFEIGVPRSITGTLSLMNNYFTDAEIKTYTDPIEHFVPDAEYFRKTLVNPFKALGGNLVDMGRVKIIEGLLRKDNTIIEKTSHSLKNLFTTATKAEGFYADGSYIDHTNVAYTGAYGNVLIDGLTQLLPIIQETDYKISNQELDMVYKWINQSFLPLIVKGELMDMSRGRSISREAASSHAAAVEVLRGFLRLANMSNEERNLDLKSTIKTIITSNKFYNVFNNLKSYSDIANMNKLLNDSTVATKPLKSNLSTFNSMDRLAYYNAKKDFGFALSLHSKRTLNYEGMNDENTRGWYTGDGMFYIYNSDQSHYSNHFWPTVNPYKMAGTTEKDAKREDTTKEAKEKTGQVTGTSDFVGSVKLNDHFALAAMDFTNWDRTLTAQKGWVILNDKIVFLGSNIKNTNGIGNVSTTIDQRKDDSKTPYTTYVNGKTISQQFTDTKSVFLESKEPGRNIGYIFFKNSTIDIERKEQTGTWNSINRTSKNTSIVSNPFITISQKHDSYGYMMVPNIDRTSFDKLANSKEVELLENSSKQQVIYDKNSQTWAVIKHDNQESLINNQFKMNKAGLYLVQKVGNDYQNVYYQPQTMTKTDQLAI	197,198,256
1lxmA	HPQPVTTQIEKSVNTALNKNYVFNKADYQYTLTNPSLGKIVGGILYPNATGSTTVKISDKSGKIIKEVPLSVTASTEDNFTKLLDKWNDVTIGNYVYDTNDSNMQKLNQKLDETNAKNIEAIKLDSNRTFLWKDLDNLNNSAQLTATYRRLEDLAKQITNPHSTIYKNEKAIRTVKESLAWLHQNFYNVNKDIEGSANWWDFEIGVPRSITGTLSLMNNYFTDAEIKTYTDPIEHFVPDAEYFRKTLVNPFKALGGNLVDMGRVKIIEGLLRKDNTIIEKTSHSLKNLFTTATKAEGFYADGSYIDHTNVAYTGAYGNVLIDGLTQLLPIIQETDYKISNQELDMVYKWINQSFLPLIVKGELMDMSRGRSISREAASSHAAAVEVLRGFLRLANMSNEERNLDLKSTIKTIITSNKFYNVFNNLKSYSDIANMNKLLNDSTVATKPLKSNLSTFNSMDRLAYYNAKKDFGFALSLHSKRTLNYEGMNDENTRGWYTGDGMFYIYNSDQSHYSNHFWPTVNPYKMAGTTEKDAKREDTTKEAKEKTGQVTGTSDFVGSVKLNDHFALAAMDFTNWDRTLTAQKGWVILNDKIVFLGSNIKNTNGIGNVSTTIDQRKDDSKTPYTTYVNGKTISQQFTDTKSVFLESKEPGRNIGYIFFKNSTIDIERKEQTGTWNSINRTSKNTSIVSNPFITISQKHDSYGYMMVPNIDRTSFDKLANSKEVELLENSSKQQVIYDKNSQTWAVIKHDNQESLINNQFKMNKAGLYLVQKVGNDYQNVYYQPQTMTKTDQLAI	148,199,207
1lxmA	HPQPVTTQIEKSVNTALNKNYVFNKADYQYTLTNPSLGKIVGGILYPNATGSTTVKISDKSGKIIKEVPLSVTASTEDNFTKLLDKWNDVTIGNYVYDTNDSNMQKLNQKLDETNAKNIEAIKLDSNRTFLWKDLDNLNNSAQLTATYRRLEDLAKQITNPHSTIYKNEKAIRTVKESLAWLHQNFYNVNKDIEGSANWWDFEIGVPRSITGTLSLMNNYFTDAEIKTYTDPIEHFVPDAEYFRKTLVNPFKALGGNLVDMGRVKIIEGLLRKDNTIIEKTSHSLKNLFTTATKAEGFYADGSYIDHTNVAYTGAYGNVLIDGLTQLLPIIQETDYKISNQELDMVYKWINQSFLPLIVKGELMDMSRGRSISREAASSHAAAVEVLRGFLRLANMSNEERNLDLKSTIKTIITSNKFYNVFNNLKSYSDIANMNKLLNDSTVATKPLKSNLSTFNSMDRLAYYNAKKDFGFALSLHSKRTLNYEGMNDENTRGWYTGDGMFYIYNSDQSHYSNHFWPTVNPYKMAGTTEKDAKREDTTKEAKEKTGQVTGTSDFVGSVKLNDHFALAAMDFTNWDRTLTAQKGWVILNDKIVFLGSNIKNTNGIGNVSTTIDQRKDDSKTPYTTYVNGKTISQQFTDTKSVFLESKEPGRNIGYIFFKNSTIDIERKEQTGTWNSINRTSKNTSIVSNPFITISQKHDSYGYMMVPNIDRTSFDKLANSKEVELLENSSKQQVIYDKNSQTWAVIKHDNQESLINNQFKMNKAGLYLVQKVGNDYQNVYYQPQTMTKTDQLAI	384,387,423,425
1lzsA	KVFERCELARTLKRLGMDGYRGISLANWMCLAKWESGYNTRATNYNAGDRSTDYGIFQINSRYWCNDGKTPGAVNACHLSCSALLQDNIADAVACAKRVVRDPQGIRAWVAWRNRCQNRDVRQYVQGCGV	101,102
1lzsA	KVFERCELARTLKRLGMDGYRGISLANWMCLAKWESGYNTRATNYNAGDRSTDYGIFQINSRYWCNDGKTPGAVNACHLSCSALLQDNIADAVACAKRVVRDPQGIRAWVAWRNRCQNRDVRQYVQGCGV	62,63,101,103
1lzsA	KVFERCELARTLKRLGMDGYRGISLANWMCLAKWESGYNTRATNYNAGDRSTDYGIFQINSRYWCNDGKTPGAVNACHLSCSALLQDNIADAVACAKRVVRDPQGIRAWVAWRNRCQNRDVRQYVQGCGV	52,57,58,59,62,63,98,107,108
1lzsA	KVFERCELARTLKRLGMDGYRGISLANWMCLAKWESGYNTRATNYNAGDRSTDYGIFQINSRYWCNDGKTPGAVNACHLSCSALLQDNIADAVACAKRVVRDPQGIRAWVAWRNRCQNRDVRQYVQGCGV	45,52,57,107,108,109
1lzsA	KVFERCELARTLKRLGMDGYRGISLANWMCLAKWESGYNTRATNYNAGDRSTDYGIFQINSRYWCNDGKTPGAVNACHLSCSALLQDNIADAVACAKRVVRDPQGIRAWVAWRNRCQNRDVRQYVQGCGV	33,34,42,43,57,110
1lzsA	KVFERCELARTLKRLGMDGYRGISLANWMCLAKWESGYNTRATNYNAGDRSTDYGIFQINSRYWCNDGKTPGAVNACHLSCSALLQDNIADAVACAKRVVRDPQGIRAWVAWRNRCQNRDVRQYVQGCGV	32,33,34,35,36
1mmbA	NPKWERTNLTYRIRNYTPQLSEAEVERAIKDAFELWSVASPLIFTRISQGEADINIAFYQRDHGDNSPFDGPNGILAHAFQPGQGIGGDAHFDAEETWTNTSANYNLFLVAAHEFGHSLGLAHSSDPGALMYPNYAFRETSNYSLPQDDIDGIQAIYG	73,74,75,76,77,78,104,109,112,113,116,122,131,132,133,134
1of8B	VRILGYDPLASPALLQVQIPATPTSLETAKRGRREAIDIITGKDDRVLVIVGPCSIHDLEAAQEYALRLKKLSDELKGDLSIIMRAYLEKPRTTVGWKGLINDPDVNNTFNINKGLQSARQLFVNLTNIGLPIGSEMLDTISPQYLADLVSFGAIGARTTESQLHRELASGLSFPVGFKNGTDGTLNVAVDACQAAAHSHHFMGVTKHGVAAITTTKGNEHCFVILRGGKKGTNYDAKSVAEAKAQLPAGSNGLMIDYSHGNSNKDFRNQPKVNDVVCEQIANGENAITGVMIESNINEGNQGIPKAGLKYGVSITDACIGWETTEDVLRKLAAAVRQRREVNK	89,90,91,92,316
1of8B	VRILGYDPLASPALLQVQIPATPTSLETAKRGRREAIDIITGKDDRVLVIVGPCSIHDLEAAQEYALRLKKLSDELKGDLSIIMRAYLEKPRTTVGWKGLINDPDVNNTFNINKGLQSARQLFVNLTNIGLPIGSEMLDTISPQYLADLVSFGAIGARTTESQLHRELASGLSFPVGFKNGTDGTLNVAVDACQAAAHSHHFMGVTKHGVAAITTTKGNEHCFVILRGGKKGTNYDAKSVAEAKAQLPAGSNGLMIDYSHGNSNKDFRNQPKVNDVVCEQIANGENAITGVMIESNINEGNQGIPKAGLKYGVSITDACIGWETTEDVLRKLAAAVRQRREVNK	84,86,89,90,135,155,156,157,178,226,259,293
1ogoX	TTANTHCGADFCTWWHDSGEINTQTPVQPGNVRQSHKYSVQVSLAGTNNFHDSFVYESIPRNGNGRIYAPTDPPNSNTLDSSVDDGISIEPSIGLNMAWSQFEYSHDVDVKILATDGSSLGSPSDVVIRPVSISYAISQSDDGGIVIRVPADANGRKFSVEFKTDLYTFLSDGNEYVTSGGSVVGVEPTNALVIFASPFLPSGMIPHMTPDNTQTMTPGPINNGDWGAKSILYFPPGVYWMNQDQSGNSGKLGSNHIRLNSNTYWVYLAPGAYVKGAIEYFTKQNFYATGHGILSGENYVYQANAGDNYIAVKSDSTSLRMWWHNNLGGGQTWYCVGPTINAPPFNTMDFNGNSGISSQISDYKQVGAFFFQTDGPEIYPNSVVHDVFWHVNDDAIKIYYSGASVSRATIWKCHNDPIIQMGWTSRDISGVTIDTLNVIHTRYIKSETVVPSAIIGASPFYASGMSPDSRKSISMTVSNVVCEGLCPSLFRITPLQNYKNFVVKNVAFPDGLQTNSIGTGESIIPAASGLTMGLAISAWTIGGQKVTMENFQANSLGQFNIDGSYWGEWQIS	370,414,444,446
1ogoX	TTANTHCGADFCTWWHDSGEINTQTPVQPGNVRQSHKYSVQVSLAGTNNFHDSFVYESIPRNGNGRIYAPTDPPNSNTLDSSVDDGISIEPSIGLNMAWSQFEYSHDVDVKILATDGSSLGSPSDVVIRPVSISYAISQSDDGGIVIRVPADANGRKFSVEFKTDLYTFLSDGNEYVTSGGSVVGVEPTNALVIFASPFLPSGMIPHMTPDNTQTMTPGPINNGDWGAKSILYFPPGVYWMNQDQSGNSGKLGSNHIRLNSNTYWVYLAPGAYVKGAIEYFTKQNFYATGHGILSGENYVYQANAGDNYIAVKSDSTSLRMWWHNNLGGGQTWYCVGPTINAPPFNTMDFNGNSGISSQISDYKQVGAFFFQTDGPEIYPNSVVHDVFWHVNDDAIKIYYSGASVSRATIWKCHNDPIIQMGWTSRDISGVTIDTLNVIHTRYIKSETVVPSAIIGASPFYASGMSPDSRKSISMTVSNVVCEGLCPSLFRITPLQNYKNFVVKNVAFPDGLQTNSIGTGESIIPAASGLTMGLAISAWTIGGQKVTMENFQANSLGQFNIDGSYWGEWQIS	312,370,371,392,414,415,449
1ojzA	AETKNFTDLVEATKWGNSLIKSAKYSSKDKMAIYNYTKNSSPINTPLRSANGDVNKLSENIQEQVRQLDSTISKSVTPDSVYVYRLLNLDYLSSITGFTREDLHMLQQTNNGQYNEALVSKLNNLMNSRIYRENGYSSTQLVSGAALAGRPIELKLELPKGTKAAYIDSKELTAYPGQQEVLLPRGTEYAVGSVKLSDNKRKIIITAVVFKK	36,43,47,83,84,85,86,87,89,90,132,137,138,139,146,149,177,179
1oxvA	MVRIIVKNVSKVFKKGKVVALDNVNINIENGERFGILGPSGAGKTTFMRIIAGLDVPSTGELYFDDRLVASNGKLIVPPEDRKIGMVFQTWALYPNLTAFENIAFPLTNMKMSKEEIRKRVEEVAKILDIHHVLNHFPRELSGGQQQRVALARALVKDPSLLLLDEPFSNLDARMRDSARALVKEVQSRLGVTLLVVSHDPADIFAIADRVGVLVKGKLVQVGKPEDLYDNPVSIQVASLIGEINELEGKVTNEGVVIGSLRFPVSVSSDRAIIGIRPEDVKLSKDVIKDDSWILVGKGKVKVIGYQGGLFRITITPLDSEEEIFTYSDHPIHSGEEVLVYVRKDKIKVFEKN	12,19,38,39,40,41,42,43,44,45,88,165
1p77A	MDLYAVWGNPIAQSKSPLIQNKLAAQTHQTMEYIAKLGDLDAFEQQLLAFFEEGAKGCNITSPFKERAYQLADEYSQRAKLAEACNTLKKLDDGKLYADNTDGIGLVTDLQRLNWLRPNQHVLILGAGGATKGVLLPLLQAQQNIVLANRTFSKTKELAERFQPYGNIQAVSMDSIPLQTYDLVINATSASVDAEILKLGSAFYDMQYAKGTDTPFIALCKSLGLTNVSDGFGMLVAQAAHSFHLWRGVMPDFVSVYEQLKKAML	125,126,127,128,129,148,149,150,153,186,187,188,189
1pfkA	MIKKIGVLTSGGDAPGMNAAIRGVVRSALTEGLEVMGIYDGYLGLYEDRMVQLDRYSVSDMINRGGTFLGSARFPEFRDENIRAVAIENLKKRGIDALVVIGGDGSYMGAMRLTEMGFPCIGLPGTIDNDIKGTDYTIGFFTALSTVVEAIDRLRDTSSSHQRISVVEVMGRYCGDLTLAAAIAGGCEFVVVPEVEFSREDLVNEIKAGIAKGKKHAIVAITEHMCDVDELAHFIEKETGRETRATVLGHIQRGGSPVPYDRILASRMGAYAIDLLLAGYGGRCVGIQNEQLVHHDIIDAIENMKRPFKGDWLDCAKKLY	11,72,103,125,127,169,170,171,222,249,252
1pfkA	MIKKIGVLTSGGDAPGMNAAIRGVVRSALTEGLEVMGIYDGYLGLYEDRMVQLDRYSVSDMINRGGTFLGSARFPEFRDENIRAVAIENLKKRGIDALVVIGGDGSYMGAMRLTEMGFPCIGLPGTIDNDIKGTDYTIGFFTALSTVVEAIDRLRDTSSSHQRISVVEVMGRYCGDLTLAAAIAGGCEFVVVPEVEFSREDLVNEIKAGIAKGKKHAIVAITEHMCDVDELAHFIEKETGRETRATVLGHIQRGGSPVPYDRILASRMGAYAIDLLLAGYGGRCVGIQNEQLVHHDIIDAIENMKRPFKGDWLDCAKKLY	9,10,11,41,72,73,74,76,77,102,103,104,105,107,108
1pfkA	MIKKIGVLTSGGDAPGMNAAIRGVVRSALTEGLEVMGIYDGYLGLYEDRMVQLDRYSVSDMINRGGTFLGSARFPEFRDENIRAVAIENLKKRGIDALVVIGGDGSYMGAMRLTEMGFPCIGLPGTIDNDIKGTDYTIGFFTALSTVVEAIDRLRDTSSSHQRISVVEVMGRYCGDLTLAAAIAGGCEFVVVPEVEFSREDLVNEIKAGIAKGKKHAIVAITEHMCDVDELAHFIEKETGRETRATVLGHIQRGGSPVPYDRILASRMGAYAIDLLLAGYGGRCVGIQNEQLVHHDIIDAIENMKRPFKGDWLDCAKKLY	154,158,185,187,211,212,213,214,215,319
1pfkA	MIKKIGVLTSGGDAPGMNAAIRGVVRSALTEGLEVMGIYDGYLGLYEDRMVQLDRYSVSDMINRGGTFLGSARFPEFRDENIRAVAIENLKKRGIDALVVIGGDGSYMGAMRLTEMGFPCIGLPGTIDNDIKGTDYTIGFFTALSTVVEAIDRLRDTSSSHQRISVVEVMGRYCGDLTLAAAIAGGCEFVVVPEVEFSREDLVNEIKAGIAKGKKHAIVAITEHMCDVDELAHFIEKETGRETRATVLGHIQRGGSPVPYDRILASRMGAYAIDLLLAGYGGRCVGIQNEQLVHHDIIDAIENMKRPFKGDWLDCAKKLY	21,25,54,55,58,59
1pkkB	MILSDKDIIDYVTSKRIIIKPFNKDFVGPCSYDVTLGDEFIIYDDEVYDLSKELNYKRIKIKNSILVCPLNYNLTEEKINYFKEKYNVDYVVEGGVLGTTNEYIELPNDISAQYQGRSSLGRVFLTSHQTAGWIDAGFKGKITLEIVAFDKPVILYKNQRIGQLIFSKLLSPADVGY	127,137,141,142,144
1pnfA	APADNTVNIKTFDKVKNAFGDGLSQSAEGTFTFPADVTTVKTIKMFIKNECPNKTCDEWDRYANVYVKNKTTGEWYEIGRFITPYWVGTEKLPRGLEIDVTDFKSLLSGNTELKIYTETWLAKGREYSVDFDIVYGTPDYKYSAVVPVIQYNKSSIDGVPYGKAHTLGLKKNIQLPTNTEKAYLRTTISGWGHAKPYDAGSRGCAEWCFRTHTIAINNANTFQHQLGALGCSANPINNQSPGNWAPDRAGWCPGMAVPTRIDVLNNSLTGSTFSYEYKFQSWTNNGTNGDAFYAISSFVIAKSNTPISAPVVTN	58,59,60,61,81,190,250
1pnfA	APADNTVNIKTFDKVKNAFGDGLSQSAEGTFTFPADVTTVKTIKMFIKNECPNKTCDEWDRYANVYVKNKTTGEWYEIGRFITPYWVGTEKLPRGLEIDVTDFKSLLSGNTELKIYTETWLAKGREYSVDFDIVYGTPDYKYSAVVPVIQYNKSSIDGVPYGKAHTLGLKKNIQLPTNTEKAYLRTTISGWGHAKPYDAGSRGCAEWCFRTHTIAINNANTFQHQLGALGCSANPINNQSPGNWAPDRAGWCPGMAVPTRIDVLNNSLTGSTFSYEYKFQSWTNNGTNGDAFYAISSFVIAKSNTPISAPVVTN	58,60,117,119,155,190
1r15A	IVPTRELENVFLGRCKDYEITRYLDILPRVRSDCSALWKDFFKAFSFKNPCDLDLGSYKDFFTSAQQQLPKNKVMFWSGVYDEAHDYANTGRKYITLEDTLPGYMLNSLVWCGQRANPGFNEKVCPDFKTCPVQARESFWGMASSSYAHSAEGEVTYMVDGSNPKVPAYRPDSFFGKYELPNLTNKVTRVKVIVLHRLGEKIIEKCGAGSLLDLEKLVKAKHFAFDCVENPRAVLFLLCSDNPNARECRLA	76,97,106,107,139
1r15A	IVPTRELENVFLGRCKDYEITRYLDILPRVRSDCSALWKDFFKAFSFKNPCDLDLGSYKDFFTSAQQQLPKNKVMFWSGVYDEAHDYANTGRKYITLEDTLPGYMLNSLVWCGQRANPGFNEKVCPDFKTCPVQARESFWGMASSSYAHSAEGEVTYMVDGSNPKVPAYRPDSFFGKYELPNLTNKVTRVKVIVLHRLGEKIIEKCGAGSLLDLEKLVKAKHFAFDCVENPRAVLFLLCSDNPNARECRLA	108,109,110,138,139
1rn8A	MMKKIDVKILDPRVGKEFPLPTYATSGSAGLDLRACLNDAVELAPGDTTLVPTGLAIHIADPSLAAMMLPRSGLGHKHGIVLGNLVGLIDSDYQGQLMISVWNRGQDSFTIQPGERIAQMIFVPVVQAEFNLVEDFDFRQ	67,83,86,87,88,89,92,95,96,97
1s3fA	MKAVVPTGKIYLGSPFYSDAQRERAAKAKELLAKNPSIAHVFFPFDGFTDPDEKPEIGGIRSMVWRDATYQNDLTGISNATCGVFLYDMDQLDDGSAFEIGFMRAMHKPVILVPFTEHPEKEKKMNLMIAQGVTTIIDGNTEFEKLADYNFNECPSNPVRGYGIY	10,12,13,43,44,64,68,72,92,94,95,98
1sthA	KLHKEPATLIKAIDGDTVKLMYKGQPMTFRLLLVDTPETKHPKKGVEKYGPEASAFTKKMVENAKKIEVEFDKGQRTDKYGRGLAYIYADGKMVNEALVRQGLAKVAYVYKPNNTHEQHLRKSEAQAKKEKLNIWS	29,31,34,77,78,79,81,83,107,109
1tjwA	TDPIMEKLNSSIAYDQRLSEVDIQGSMAYAKALEKAGILTKTELEKILSGLEKISEEWSKGVFVVKQSDEDIHTANERRLKELIGDIAGKLHTGRSRNDQVVTDLKLFMKNSLSIISTHLLQLIKTLVERAAIEIDVILPGYDHLQKAQPIRWSQFLLSHAVALTRDSERLGEVKKRINVLPLGSGALAGNPLDIDREMLRSELEFASISLNSMDAISERDFVVEFLSFATLLMIHLSKMAEDLIIYSTSEFGFLTLSDAFSTGSSLMPQKKNPDSLELIRSKAGRVFGRLASILMVLKGLPSTYNKDLQEDKEAVFDVVDTLTAVLQVATGVISTLQISKENMEKALTPEMLATDLALYLVRKGVPFRQAHTASGKAVHLAETKGITINKLSLEDLKSISPQFSSDVSQVFNFVNSVEQYTALAGTAKSSVTTQIEQLRELMKKQKEQ	10,95,96,97,100,186,304,309,312
1tkyA	MPVITLPDGSQRHYDHAVSPMDVALDIGPGLAKACIAGRVNGELVDACDLIENDAQLSIITAKDEEGLEIIRHSCAHLLGHAIKQLWPHTKMAIGPVIDNGFYYDVDLDRTLTQEDVEALEKRMHELAEKNYDVIKKKVSWHEARETFANRGESYKVSILDENIAHDDKPGLYFHEEYVDMCRGPHVPNMRFCHHFKLMKTAGAYWRGDSNNKMLQRIYGTAWA	72,76,93,94,103,155,158,163,167,169,170,179,180,181,182
1tvpB	AVEKLTVSGNQILAGGENTSFAGPSLFWSNTGWGAEKFYTAETVAKAKTEFNATLIRAAIGHGTSTGGSLNFDWEGNMSRLDTVVNAAIAEDMYVIIDFHSHEAHTDQATAVRFFEDVATKYGQYDNVIYEIYNEPLQISWVNDIKPYAETVIDKIRAIDPDNLIVVGTPTWSQDVDVASQNPIDRANIAYTLHFYAGTHGQSYRNKAQTALDNGIALFATEWGTVNADGNGGVNINETDAWMAFFKTNNISHANWALNDKNEGASLFTPGGSWNSLTSSGSKVKEIIQGW	26,27,32,255,260,262
1u7zA	VNDLKHLNIMITAGPTREPLDPVRYISDHSSGKMGFAIAAAAARRGANVTLVSGPVSLPTPPFVKRVDVMTALEMEAAVNASVQQQNIFIGCAAVADYRAATVAPEKIDELTIKMVKNPDIVAGVAALKDHRPYVVGFAAETNNVEEYARQKRIRKNLDLICANDVSQPTQGFNSDNNALHLFWQDGDKVLPLERKELLGQLLLDEIVTRYDEKNR	29,30,31,32,33,90,91,92,93,94,95,96,118,119,120,121,136,137,138,139,140,151,155,163,165,171,172,173,195
1uf8A	TRQMILAVGQQGPIARAETREQVVVRLLDMLTKAASRGANFIVFPELALTTFFPRWHFTDEAELDSFYETEMPGPVVRPLFEKAAELGIGFNLGYAELVVEGGVKRRFNTSILVDKSGKIVGKYRKIHLPGHKEYEAYRPFQHLEKRYFEPGDLGFPVYDVDAAKMGMFIANDRRWPEAWRVMGLRGAEIICGGYNTPTHNPPVPQHDHLTSFHHLLSMQAGSYQNGAWSAAAGKAGMEENCMLLGHSCIVAPTGEIVALTTTLEDEVITAAVDLDRCRELREHIFNFKQHRQPQHYGLIAEL	45,51,125,129,130,142,144,170,171,173,174,195,196,200
1wq1G	MPEEEYSEFKELILQKELHVVYALSHVCGQDRTLLASILLRIFLHEKLESLLLCTLNDREISMEDEATTLFRATTLASTLMEQYMKATATQFVHHALKDSILKIMESKQSCELSPSKLEKNEDVNTNLTHLLNILSELVEKIFMASEILPPTLRYIYGCLQKSVQHKWPTNTTMRTRVVSGFVFLRLICPAILNPRMFNIISDSPSPIAARTLILVAKSVQNLANLVEFGAKEPYMEGVNPFIKSNKHRMIMFLDELGNVPELPDTTEHSRTDLSRDLAALHEICVAHSDELRTLSNERGAQQHVLKKLLAITELLQQKQ	67,71
1wq1G	MPEEEYSEFKELILQKELHVVYALSHVCGQDRTLLASILLRIFLHEKLESLLLCTLNDREISMEDEATTLFRATTLASTLMEQYMKATATQFVHHALKDSILKIMESKQSCELSPSKLEKNEDVNTNLTHLLNILSELVEKIFMASEILPPTLRYIYGCLQKSVQHKWPTNTTMRTRVVSGFVFLRLICPAILNPRMFNIISDSPSPIAARTLILVAKSVQNLANLVEFGAKEPYMEGVNPFIKSNKHRMIMFLDELGNVPELPDTTEHSRTDLSRDLAALHEICVAHSDELRTLSNERGAQQHVLKKLLAITELLQQKQ	71
1x55A	MIEKVYCQEVKPELDGKKVRLAGWVYTNMRVGKKIFLWIRDSTGIVQAVVAKNVVGEETFEKAKKLGRESSVIVEGIVKADERAPGGAEVHVEKLEVIQAVSEFPIPENPEQASPELLLDYRHLHIRTPKASAIMKVKETLIMAAREWLLKDGWHEVFPPILVTGAVEGGATLFKLKYFDKYAYLSQSAQLYLEAAIFGLEKVWSLTPSFRAEKSRTRRHLTEFWHLELEAAWMDLWDIMKVEEELVSYMVQRTLELRKKEIEMFRDDLTTLKNTEPPFPRISYDEAIDILQSKGVNVEWGDDLGADEERVLTEEFDRPFFVYGYPKHIKAFYMKEDPNDPRKVLASDMLAPEGYGEIIGGSQREDDYDKLLNRILEEGMDPKDYEWYLDLRRYGSVPHSGFGLGVERLVAWVLKLDHIRWAALFPRTPARLYP	166,167,187,189,210,218,219,220,223,225,227,332,356,357,358,359,363,400,401,402,404,407,418
1xpyC	RMFKIEAAEIVVARLPLKFRFETSFGVQTHKVVPLLILHGEGVQGVAEGTMEARPMYREETIAGALDLLRGTFLPAILGQTFANPEAVSDALGSYRGNRMARAMVEMAAWDLWARTLGVPLGTLLGGHKEQVEVGVSLGIQADEQATVDLVRRHVEQGYRRIKLKIKPGWDVQPVRATREAFPDIRLTVDANSAYTLADAGRLRQLDEYDLTYIEQPLAWDDLVDHAELARRIRTPLCLDESVASASDARKALALGAGGVINLKVARVGGHAESRRVHDVAQSFGAPVWCGGMLESGIGRAHNIHLSTLSNFRLPGDTSSASRYWERDLIQEPLEAVDGLMPVPQGPGTGVTLDREFLATVTEAQEEHRA	20,22,24,56,136,162,164,189,263,291,292,293,316,323
1xtbA	AALTRNPQFQKLQQWHREHGSELNLRHLFDTDKERFNHFSLTLNTNHGHILLDYSKNLVTEEVMHMLLDLAKSRGVEAARESMFNGEKINSTEDRAVLHVALRNRSNTPIVVDGKDVMPEVNKVLDKMKAFCQRVRSGDWKGYTGKTITDVINIGIGGSDLGPLMVTEALKPYSSGGPRVWFVSNIDGTHIAKTLACLNPESSLFIIASKTFTTQETITNAKTAKDWFLLSAKDPSTVAKHFVALSTNTAKVKEFGIDPQNMFEFWDWVGGRYSLWSAIGLSIALHVGFDNFEQLLSGAHWMDQHFRTTPLEKNAPVLLAMLGIWYINCFGCETQAVLPYDQYLHRFAAYFQQGDMESNGKYITKSGARVDHQTGPIVWGEPGTNGQHAFYQLIHQGTKMIPCDFLIPVQTQHPIRKGLHHKILLANFLAQTEALMKGKSTEEARKELQAAGKSPEDLMKLLPHKVFEGNRPTNSIVFTKLTPFILGALIAMYEHKIFVQGVVWDINSFDQWGVELGKQLAKKIEPELDGSSPVTSHDSSTNGLINFIKQQREAKI	155,156,157,158,208,209,210,213,270,271,352,356,510
1xwqA	AFNNNPSSVGAYSSGTYRNLAQEMGKTNIQQKVNSTFDNMFGYNNTQQLYYPYTENGVYKAHYIKAINPDEGDDIRTQGQSWGMTAAVMLNKQEEFDNLWRFAKAYQKNPDNHPDAKKQGVYAWKLKLNQNGFVYKVDEGPAPDGEEYFAFALLNASARWGNSGEFNYYNDAITMLNTIKNKLMENQIIRFSPYIDNLTDPSYHIPAFYDYFANNVTNQADKNYWRQVATKSRTLLKNHFTKVSGSPHWNLPTFLSRLDGSPVIGYIFNGQANPGQWYEFDAWRVIMNVGLDAHLMGAQAWHKSAVNKALGFLSYAKTNNSKNCYEQVYSYGGAQNRGCAGEGQKAANAVALLASTNAGQANEFFNEFWSLSQPTGDYRYYNGSLYMLAMLHVSGNFKFYNNTF	279,326,340,377,381
1xwqA	AFNNNPSSVGAYSSGTYRNLAQEMGKTNIQQKVNSTFDNMFGYNNTQQLYYPYTENGVYKAHYIKAINPDEGDDIRTQGQSWGMTAAVMLNKQEEFDNLWRFAKAYQKNPDNHPDAKKQGVYAWKLKLNQNGFVYKVDEGPAPDGEEYFAFALLNASARWGNSGEFNYYNDAITMLNTIKNKLMENQIIRFSPYIDNLTDPSYHIPAFYDYFANNVTNQADKNYWRQVATKSRTLLKNHFTKVSGSPHWNLPTFLSRLDGSPVIGYIFNGQANPGQWYEFDAWRVIMNVGLDAHLMGAQAWHKSAVNKALGFLSYAKTNNSKNCYEQVYSYGGAQNRGCAGEGQKAANAVALLASTNAGQANEFFNEFWSLSQPTGDYRYYNGSLYMLAMLHVSGNFKFYNNTF	279,380
1xwqA	AFNNNPSSVGAYSSGTYRNLAQEMGKTNIQQKVNSTFDNMFGYNNTQQLYYPYTENGVYKAHYIKAINPDEGDDIRTQGQSWGMTAAVMLNKQEEFDNLWRFAKAYQKNPDNHPDAKKQGVYAWKLKLNQNGFVYKVDEGPAPDGEEYFAFALLNASARWGNSGEFNYYNDAITMLNTIKNKLMENQIIRFSPYIDNLTDPSYHIPAFYDYFANNVTNQADKNYWRQVATKSRTLLKNHFTKVSGSPHWNLPTFLSRLDGSPVIGYIFNGQANPGQWYEFDAWRVIMNVGLDAHLMGAQAWHKSAVNKALGFLSYAKTNNSKNCYEQVYSYGGAQNRGCAGEGQKAANAVALLASTNAGQANEFFNEFWSLSQPTGDYRYYNGSLYMLAMLHVSGNFKFYNNTF	75,77,279,280,283,379,380
1znzA	VGRVVVLSGPSAVGKSTVVRCLRERIPNLHFSVSATTRAPRPGEVDGVDYHFIDPTRFQQLIDQGELLEWAEIHGGLHRSGTLAQPVRAAAATGVPVLIEVDLAGARAIKKTMPEAVTVFLAPPSWQDLQARLIGRGTETADVIQRRLDTARIELAAQGDFDKVVVNRRLESACAELVSLLVG	33,37,40,49,68,69,70,72,79,80,81
2artA	MEGRLLLLETPGNTRMSLAYDEAIYRSFQYGDKPILRFYRHDRSVIIGYFQVAEEEVDLDYMKKNGIMLARRYTGGGAVYHDLGDLNFSVVRSSDDMDITSMFRTMNEAVVNSLRILGLDARPGELNDVSIPVNKKTDIMAGEKKIMGAAGAMRKGAKLWHAAMLVHTDLDMLSAVLKVPSTRERVANVTDFVDVSIDEVRNALIRGFSETLHIDFREDTITEKEESLARELFDKKYSTEEWNMGLL	76,77,78,79,80,84,131,134,137,144,146,147,162,164,172,176,178,181,185
2artA	MEGRLLLLETPGNTRMSLAYDEAIYRSFQYGDKPILRFYRHDRSVIIGYFQVAEEEVDLDYMKKNGIMLARRYTGGGAVYHDLGDLNFSVVRSSDDMDITSMFRTMNEAVVNSLRILGLDARPGELNDVSIPVNKKTDIMAGEKKIMGAAGAMRKGAKLWHAAMLVHTDLDMLSAVLKVPSTRERVANVTDFVDVSIDEVRNALIRGFSETLHIDFREDTITEKEESLARELFDKKYSTEEWNMGLL	17,38,45,71,76,78,80,144,147,148,160,161,162
2bawA	LKAFSKHIYNAYLKNFNMTKKKARSILTKAPFVIHDIETLWQAEKGLVWKEISVHVFYRCQCTTVETVRELTEFAKSIPSFSSLFLNDQVTLLKYGVHEAIFAMLASIVNKDGLLVANGSGFVTREFLRSLRKPFSDIIEPKFEFAVKFNALELDDSDLALFIAAIILCGDRPGLMNVPRVEAIQDTILRALEFHLQANHPDAQQLFPKLLQKMADLRQLVTEHAQMMQRIKKTETETSLHPLLQEIYKD	39,48,55,59,60,62,63,97,113,115,122,223,227,243,247
2bogX	NDSPFYVNPNMSSAEWVRNNPNDPRTPVIRDRIASVPQGTWFAHHNPGQITGQVDALMSAAQAAGKIPILVVSNAPGRDCGAPSHSAYRSWIDEFAAGLKNRPAYIIVEPDLISLMSSCMQHVQQEVLETMAYAGKALKAGSSQARIYFDAGHSAWHSPAQMASWLQQADISNSAHGIATNTSNYRWTADEVAYAKAVLSAIGNPSLRAVIDTSRNGNGPAGNEWCDPSGRAIGTPSTTNTGDPMIDAFLWIKLPGEADGCIAGAGQFVPQAAYEMAIAA	114,152,155,183,224
2bogX	NDSPFYVNPNMSSAEWVRNNPNDPRTPVIRDRIASVPQGTWFAHHNPGQITGQVDALMSAAQAAGKIPILVVSNAPGRDCGAPSHSAYRSWIDEFAAGLKNRPAYIIVEPDLISLMSSCMQHVQQEVLETMAYAGKALKAGSSQARIYFDAGHSAWHSPAQMASWLQQADISNSAHGIATNTSNYRWTADEVAYAKAVLSAIGNPSLRAVIDTSRNGNGPAGNEWCDPSGRAIGTPSTTNTGDPMIDAFLWIKLPGEADGCIAGAGQFVPQAAYEMAIAA	110,114,152,181,183,224
2bogX	NDSPFYVNPNMSSAEWVRNNPNDPRTPVIRDRIASVPQGTWFAHHNPGQITGQVDALMSAAQAAGKIPILVVSNAPGRDCGAPSHSAYRSWIDEFAAGLKNRPAYIIVEPDLISLMSSCMQHVQQEVLETMAYAGKALKAGSSQARIYFDAGHSAWHSPAQMASWLQQADISNSAHGIATNTSNYRWTADEVAYAKAVLSAIGNPSLRAVIDTSRNGNGPAGNEWCDPSGRAIGTPSTTNTGDPMIDAFLWIKLPGEADGCIAGAGQFVPQAAYEMAIAA	40,72,182,224,252,257,258,264
2bogX	NDSPFYVNPNMSSAEWVRNNPNDPRTPVIRDRIASVPQGTWFAHHNPGQITGQVDALMSAAQAAGKIPILVVSNAPGRDCGAPSHSAYRSWIDEFAAGLKNRPAYIIVEPDLISLMSSCMQHVQQEVLETMAYAGKALKAGSSQARIYFDAGHSAWHSPAQMASWLQQADISNSAHGIATNTSNYRWTADEVAYAKAVLSAIGNPSLRAVIDTSRNGNGPAGNEWCDPSGRAIGTPSTTNTGDPMIDAFLWIKLPGEADGCIAGAGQFVPQAAYEMAIAA	40,252,253,256,264,265
2c6zA	TFGRATHVVVRALPESLAQQALRRTKGDEVDFARAERQHQLYVGVLGSKLGLQVVQLPADESLPDCVFVEDVAVVCEETALITRPGAPSRRKEADMMKEALEKLQLNIVEMKDENATLDGGDVLFTGREFFVGLSKRTNQRGAEILADTFKDYAVSTVPVVDALHLKSFCSMAGPNLIAIGSSESAQKALKIMQQMSDHRYDKLTVPDDTAANCIYLNIPSKGHVLLHRTPEEYPESAKVYEKLKDHMLIPVSNSELEKVDGLLTCSSVLINK	21,64,67,69,70,89,120,136,163,164,259,260,261,262,265
2cwhB	DQPTQTVSYPQLIDLLRRIFVVHGTSPEVADVLAENCASAQRDGSHSHGIFRIPGYLSSLASGWVDGKAVPVVEDVGAAFVRVDACNGFAQPALAAARSLLIDKARSAGVAILAIRGSHHFAALWPDVEPFAEQGLVALSMVNSMTCVVPHGARQPLFGTNPIAFGAPRAGGEPIVFDLATSAIAHGDVQIAAREGRLLPAGMGVDRDGLPTQEPRAILDGGALLPFGGHKGSALSMMVELLAAGLTGGNFSFEFDWSKHPGAQTPWTGQLLIVIDPDKGAGQHFAQRSEELVRQLHGVGQERLPGDRRYLERARSMAHGIVIAQADLERLQELAGH	47,119,121,122,123,141,143,159,161,175,176,177,178,179,184,302,304,305,306,307,308
2cwhB	DQPTQTVSYPQLIDLLRRIFVVHGTSPEVADVLAENCASAQRDGSHSHGIFRIPGYLSSLASGWVDGKAVPVVEDVGAAFVRVDACNGFAQPALAAARSLLIDKARSAGVAILAIRGSHHFAALWPDVEPFAEQGLVALSMVNSMTCVVPHGARQPLFGTNPIAFGAPRAGGEPIVFDLATSAIAHGDVQIAAREGRLLPAGMGVDRDGLPTQEPRAILDGGALLPFGGHKGSALSMMVELLAAGLTGGNFSFEFDWSKHPGAQTPWTGQLLIVIDPDKGAGQHFAQRSEELVRQLHGVGQERLPGDRRYLERARSMAHGIVIAQADLERLQELAGH	150,229,230
2cwhB	DQPTQTVSYPQLIDLLRRIFVVHGTSPEVADVLAENCASAQRDGSHSHGIFRIPGYLSSLASGWVDGKAVPVVEDVGAAFVRVDACNGFAQPALAAARSLLIDKARSAGVAILAIRGSHHFAALWPDVEPFAEQGLVALSMVNSMTCVVPHGARQPLFGTNPIAFGAPRAGGEPIVFDLATSAIAHGDVQIAAREGRLLPAGMGVDRDGLPTQEPRAILDGGALLPFGGHKGSALSMMVELLAAGLTGGNFSFEFDWSKHPGAQTPWTGQLLIVIDPDKGAGQHFAQRSEELVRQLHGVGQERLPGDRRYLERARSMAHGIVIAQADLERLQELAGH	47,51,119,143,144,159,184,185,186,265
2dkcA	MSIEQTLSQYLPSHPKPQGVTFTYGTAGFRMKADKLDYVTFTVGIIASLRSKYLQGKTVGVMITASHNPPEDNGVKVVDPLGSMLESSWEKYATDLANASPSPNSLVEVIKNLVSDLKIDLSIPANVVIARDSRESSPALSMATIDGFQSVPNTKYQDFGLFTTPELHYVTRTLNDPDFGKPTEDGYYSKLAKSFQEIYTICESNNEKIDITIDAANGVGAPKIQELLEKYLHKEISFTVVNGDYKQPNLLNFDCGADYVKTNQKLPKNVKPVNNKLYASFDGDADRLICYYQNNDNKFKLLDGDKLSTLFALFLQQLFKQIDPTKISLNIGVVQTAYANGSSTKYVEDVLKIPVRCTPTGVKHLHHEAENFDIGVYFEANGHGTVIFNPEAEKKIFDYKPNNDNEAKAIKVLQNFSQLINQTVGDAISDLLAVLIVVHYLKLSPSDWDNEYTDLPNKLVKVIVPDRSIFKTTNAERTLVEPKGMQDEIDKLVAQYPNGRSFVRASGTEDAVRVYAEADTQNNVEELSKAVSELVK	359,360,361,378,380,382,503,505,506,507,512
2e3rA	THRFVQKVEEMVQNHMTYSLQDVWQLVVEEGEMKVYRREVEENGIVLDPLKATHAVKGVTGHEVCNYFWNVDVRNDWETTIENFHVVETLADNAIIIYQTHKRVWPASQRDVLYLSVIRKIPALTENDPETWIVCNFSVDHDSAPLNNRCVRAKINVAMICQTLVEGNQEISRDNILCKITYVANVNPGGWAPASVLRAVAKREYPKFLKRFTSYVQEKTAGKPILF	67,73,77,79,98,100,101,103,106,113,135,154,156,181,192,195,196,202,203,204,207
2e6uX	MEETRPIDGLTDEDIREILTRYKKIALVGASPKPERDANIVMKYLLEHGYDVYPVNPKYEEVLGRKCYPSVLDIPDKIEVVDLFVKPKLTMEYVEQAIKKGAKVVWFQYNTYNREASKKADEAGLIIVANRCMMREHERLLG	28,30,32,35,36,54,55,56,57,58,83,84,85,88,92,107,108,109,110,131,133,134
2f9wA	SMILELDCGNSLIKWRVIEGAARSVAGGLAESDDALVEQLTSQQALPVRACRLVSVRSEQETSQLVARLEQLFPVSALVASSGKQLAGVRNGYLDYQRLGLDRWLALVAAHHLAKKACLVIDLGTAVTSDLVAADGVHLGGYICPGMTLMRSQLRTHTRRIRYDDAEARRALASLQPGQATAEAVERGCLLMLRGFVREQYAMACELLGPDCEIFLTGGDAELVRDELAGARIMPDLVFVGLALACPIE	9,55,92,97,98,99,101,102,127,142
2f9wA	SMILELDCGNSLIKWRVIEGAARSVAGGLAESDDALVEQLTSQQALPVRACRLVSVRSEQETSQLVARLEQLFPVSALVASSGKQLAGVRNGYLDYQRLGLDRWLALVAAHHLAKKACLVIDLGTAVTSDLVAADGVHLGGYICPGMTLMRSQLRTHTRRIRYDDAEARRALASLQPGQATAEAVERGCLLMLRGFVREQYAMACELLGPDCEIFLTGGDAELVRDELAGARIMPDLVFVGLALACPIE	159,180
2fsgA	RTLRRMRKVVNIINAMEPEMEKLSDEELKGKTAEFRARLEKGEVLENLIPEAFAVVREASKRVFGMRHFDVQLLGGMVLNERCIAEMRTGEGKTLTATLPAYLNALTGKGVHVVTVNDYLAQRDAENNRPLFEFLGLTVGINLPGMPAPAKREAYAADITYGTNNEYGFDYLRDNMAFSPEERVQRKLHYALVDEVDSILIDEARTPLIISGPNQTLASITFQNYFRLYEKLAGMTGTADTEAFEFSSIYKLDTVVVPTNRPMIRKDLPDLVYMTEAEKIQAIIEDIKERTAKGQPVLVGTISIEKSELVSNELTKAGIKHNVLNAKFHANEAAIVAQAGYPAAVTIATNMAGRGTDIVLGGSWQAEVAALENPTAEQIEKIKADWQVRHDAVLEAGGLHIIGTERHESRRIDNQLRGRSGRQGDAGSSRFYLSMEDALMRIFASDRVSGMMRKLGMKPGEAIEHPWVTKAIANAQRKVESRNFDIRKQLLEYDDVANDQRRAIYSQRNELLDVSDVSETINSIREDVFKATIDAYIPPQSLEEMWDIPGLQERLKNDFDLDLPIAEWLDKEPELHEETLRERILAQSIEVYQRKEEVVGAEMMRHFEKGVMLQTLDSLWKEHLAAMDYLRQGIHLRGYAQKDPKQEYKRESFSMFAAMLESLKYEVISTLSKVQVRMP	65,66,67,68,71,88,89,90,91,92,93,94
2fv0A	MWQQAIGDALGITARNLKKFGDRFPHVSDGSNKYVLNDNTDWTDGFWSGILWLCYEYTGDEQYREGAVRTVASFRERLDRFENLDHHNIGFLYSLSAKAQWIVEKDESARKLALDAADVLMRRWRADAGIIQAWGPKGDPENGGRIIIDCLLNLPLLLWAGEQTGDPEYRRVAEAHALKSRRFLVRGDDSSYHTFYFDPENGNAIRGGTHQGNTDGSTWTRGQAWGIYGFALNSRYLGNADLLETAKRMARHFLARVPEDGVVYWDFEVPQEPSSYRDSSASAITACGLLEIASQLDESDPERQRFIDAAKTTVTALRDGYAERDDGEAEGFIRRGSYHVRGGISPDDYTIWGDYYYLEALLRLERGVTGYWYERGR	41,86,87,90,148,210,218,220,224,337
2fv0A	MWQQAIGDALGITARNLKKFGDRFPHVSDGSNKYVLNDNTDWTDGFWSGILWLCYEYTGDEQYREGAVRTVASFRERLDRFENLDHHNIGFLYSLSAKAQWIVEKDESARKLALDAADVLMRRWRADAGIIQAWGPKGDPENGGRIIIDCLLNLPLLLWAGEQTGDPEYRRVAEAHALKSRRFLVRGDDSSYHTFYFDPENGNAIRGGTHQGNTDGSTWTRGQAWGIYGFALNSRYLGNADLLETAKRMARHFLARVPEDGVVYWDFEVPQEPSSYRDSSASAITACGLLEIASQLDESDPERQRFIDAAKTTVTALRDGYAERDDGEAEGFIRRGSYHVRGGISPDDYTIWGDYYYLEALLRLERGVTGYWYERGR	25,26,337,343,344
2fv0A	MWQQAIGDALGITARNLKKFGDRFPHVSDGSNKYVLNDNTDWTDGFWSGILWLCYEYTGDEQYREGAVRTVASFRERLDRFENLDHHNIGFLYSLSAKAQWIVEKDESARKLALDAADVLMRRWRADAGIIQAWGPKGDPENGGRIIIDCLLNLPLLLWAGEQTGDPEYRRVAEAHALKSRRFLVRGDDSSYHTFYFDPENGNAIRGGTHQGNTDGSTWTRGQAWGIYGFALNSRYLGNADLLETAKRMARHFLARVPEDGVVYWDFEVPQEPSSYRDSSASAITACGLLEIASQLDESDPERQRFIDAAKTTVTALRDGYAERDDGEAEGFIRRGSYHVRGGISPDDYTIWGDYYYLEALLRLERGVTGYWYERGR	41,87,210,337,338
2fv0A	MWQQAIGDALGITARNLKKFGDRFPHVSDGSNKYVLNDNTDWTDGFWSGILWLCYEYTGDEQYREGAVRTVASFRERLDRFENLDHHNIGFLYSLSAKAQWIVEKDESARKLALDAADVLMRRWRADAGIIQAWGPKGDPENGGRIIIDCLLNLPLLLWAGEQTGDPEYRRVAEAHALKSRRFLVRGDDSSYHTFYFDPENGNAIRGGTHQGNTDGSTWTRGQAWGIYGFALNSRYLGNADLLETAKRMARHFLARVPEDGVVYWDFEVPQEPSSYRDSSASAITACGLLEIASQLDESDPERQRFIDAAKTTVTALRDGYAERDDGEAEGFIRRGSYHVRGGISPDDYTIWGDYYYLEALLRLERGVTGYWYERGR	337,338,343
2g25A	ISNYINTIPVEEQPEYPGNLELERRIRSAIRWNAIMTVLRASKKDLELGGHMASFQSSATIYDVCFNHFFRARNEQDGGDLVYFQGHISPGVYARAFLEGRLTQEQLDNFRQEVHGNGLSSYPHPKLMPEFWQFPTVSMGLGPIGAIYQAKFLKYLEHRGLKDTSKQTVYAFLGDGEMDEPESKGAITIATREKLDNLVFVINCNLQRLDGPVTGNGKIINELEGIFEGAGWNVIKVMWGSRWDELLRKDTSGKLIQLMNETVDGDYQTFKSKDGAYVREHFFGKYPETAALVADWTDEQIWALNRGGHDPKKIYAAFKKAQETKGKATVILAHTIKGYGMGDAAEGKNIAHQVKKMNMDGVRHIRDRFNVPVSDADIEKLPYITFPEGSEEHTYLHAQRQKLHGYLPSRQPNFTEKLELPSLQDFGALLEEQSKEISTTIAFVRALNVMLKNKSIKDRLVPIIADEARTFGMEGLFRQIGIYSPNGQQYTPQDREQVAYYKEDEKGQILQEGINELGAGCSWLAAATSYSTNNLPMIPFYIYYSMFGFQRIGDLCWAAGDQQARGFLIGGTSGRTTLNGEGLQHEDGHSHIQSLTIPNCISYDPAYAYEVAVIMHDGLERMYGEKQENVYYYITTLNENYHMPAMPEGAEEGIRKGIYKLETIEGSKGKVQLLGSGSILRHVREAAEILAKDYGVGSDVYSVTSFTELARDGQDCERWNMLHPLETPRVPYIAQVMNDAPAVASTDYMKLFAEQVRTYVPADDYRVLGTDGFGRSDSRENLRHHFEVDASYVVVAALGELAKRGEIDKKVVADAIAKFNIDADKVNPRLA	465,466,513,515,543,546,550,580,584
2g25A	ISNYINTIPVEEQPEYPGNLELERRIRSAIRWNAIMTVLRASKKDLELGGHMASFQSSATIYDVCFNHFFRARNEQDGGDLVYFQGHISPGVYARAFLEGRLTQEQLDNFRQEVHGNGLSSYPHPKLMPEFWQFPTVSMGLGPIGAIYQAKFLKYLEHRGLKDTSKQTVYAFLGDGEMDEPESKGAITIATREKLDNLVFVINCNLQRLDGPVTGNGKIINELEGIFEGAGWNVIKVMWGSRWDELLRKDTSGKLIQLMNETVDGDYQTFKSKDGAYVREHFFGKYPETAALVADWTDEQIWALNRGGHDPKKIYAAFKKAQETKGKATVILAHTIKGYGMGDAAEGKNIAHQVKKMNMDGVRHIRDRFNVPVSDADIEKLPYITFPEGSEEHTYLHAQRQKLHGYLPSRQPNFTEKLELPSLQDFGALLEEQSKEISTTIAFVRALNVMLKNKSIKDRLVPIIADEARTFGMEGLFRQIGIYSPNGQQYTPQDREQVAYYKEDEKGQILQEGINELGAGCSWLAAATSYSTNNLPMIPFYIYYSMFGFQRIGDLCWAAGDQQARGFLIGGTSGRTTLNGEGLQHEDGHSHIQSLTIPNCISYDPAYAYEVAVIMHDGLERMYGEKQENVYYYITTLNENYHMPAMPEGAEEGIRKGIYKLETIEGSKGKVQLLGSGSILRHVREAAEILAKDYGVGSDVYSVTSFTELARDGQDCERWNMLHPLETPRVPYIAQVMNDAPAVASTDYMKLFAEQVRTYVPADDYRVLGTDGFGRSDSRENLRHHFEVDASYVVVAALGELAKRGEIDKKVVADAIAKFNIDADKVNPRLA	50,53,84,86,121,136,137,138,173,174,175,176,179,202,204,206,207,208,336,351
2gteA	MTMEQFLTSLDMIRSGCAPKFKLKTEDLDRLRVGDFNFPPSQDLMCYTKCVSLMAGTVNKKGEFNAPKALAQLPHLVPPEMMEMSRKSVEACRDTHKQFKESCERVYQTAKCFSENADGQFMWP	5,51,54,56,57,63,68,72,75,80,83,84,87,88,105,108,112,120,121,122,123
2gwhA	RLSVNYVKGILQPTDTCDIWDKIWNFQAKPDDLLISTYPKAGTTWTQEIVELIQNEGDVEKSKRAPTHQRFPFLEMKIPSLGSGLEQAHAMPSPRILKTHLPFHLLPPSLLEKNCKIIYVARNPKDNMVSYYHFQRMNKALPAPGTWEEYFETFLAGKVCWGSWHEHVKGWWEAKDKHRILYLFYEDMKKNPKHEIQKLAEFIGKKLDDKVLDKIVHYTSFDVMKQNPMANYSSIPAEIMDHSISPFMRKGAVGDWKKHFTVAQNERFDEDYKKKMTRLTFHFQF	72,77,97,99,133,137,140,160,231,239,246
2gwhA	RLSVNYVKGILQPTDTCDIWDKIWNFQAKPDDLLISTYPKAGTTWTQEIVELIQNEGDVEKSKRAPTHQRFPFLEMKIPSLGSGLEQAHAMPSPRILKTHLPFHLLPPSLLEKNCKIIYVARNPKDNMVSYYHFQRMNKALPAPGTWEEYFETFLAGKVCWGSWHEHVKGWWEAKDKHRILYLFYEDMKKNPKHEIQKLAEFIGKKLDDKVLDKIVHYTSFDVMKQNPMANYSSIPAEIMDHSISPFMRKGAVGDWKKHFTVAQNERFDEDYKKKMTRLTFHFQF	39,40,41,42,43,44,121,129,184,218,219,220,223,246,247,248,249,250
2gz3A	GYTVAVVGATGAVGAQMIKMLEESTLPIDKIRYLASARSAGKSLKFKDQDITIEETTETAFEGVDIALFSAGSSTSAKYAPYAVKAGVVVVDNTSYFRQNPDVPLVVPEVNAHALDAHNGIIACPNCSTIQMMVALEPVRQKWGLDRIIVSTYQAVSGAGMGAILETQRELREVLNDGVKPCDLHAEILPSGGDKKHYPIAFNALPQIDVFTDNDYTYEEMKMTKETKKIMEDDSIAVSATCVRIPVLSAHSESVYIETKEVAPIEEVKAAIAAFPGAVLEDDVAHQIYPQAINAVGSRDTFVGRIRKDLDAEKGIHMWVVSDNLLKGAAWNSVQIAETLHERGLVRPTAELKFELK	7,8,9,10,11,12,34,35,37,38,55,69,70,71,72,74,92,93,156,157,159,160,323,324,327,328
2hblA	GMVEKPQLKFKSPIDNSESHPFIPLLKEKPNALKPLSESLRLVDDDENNPSHYPHPYEYEIDHQEYSPEILQIREEIPSKSWDDSVPIWVDTSTELESMLEDLKNTKEIAVDLEHHDYRSYYGIVCLMQISTRERDYLVDTLKLRENLHILNEVFTNPSIVKVFHGAFMDIIWLQRDLGLYVVGLFDTYHASKAIGLPRHSLAYLLENFANFKTSKKYQLADWRIRPLSKPMTAAARADTHFLLNIYDQLRNKLIESNKLAGVLYESRNVAKRRFEYSKYRPLTPSSEVYSPIEKESPWKILMYQYNIPPEREVLVRELYQWRDLIARRDDESPRFVMPNQLLAALVAYTPTDVIGVVSLTNGVTEHVRQNAKLLANLIRDALRNIKNTN	111,112,113,114,172,215,218,222
2hk1A	MKHGIYYSYWEHEWSAKFGPYIEKVAKLGFDIIEVAAHHINEYSDAELATIRKSAKDNGIILTAGIGPSKTKNLSSEDAAVRAAGKAFFERTLSNVAKLDIHTIGGALHSYWPIDYSQPVDKAGDYARGVEGINGIADFANDLGINLCIEVLNRFENHVLNTAAEGVAFVKDVGKNNVKVMLDTFHMNIEEDSFGDAIRTAGPLLGHFHTGESNRRVPGKGRMPWHEIGLALRDINYTGAVIMEPFVKTGGTIGSDIKVWRDLSGGADIAKMDEDARNALAFSRFVLGG	65,66,105,106,111,149,151,155,182,185,208,214,243,256
2i56A	FRIAQDVVARENDRRASALKEDYEALGANLARRGVDIEAVTAKVEKFFVAVPSWGVGTGGTRFARFPGTGEPRGIFDKLDDCAVIQQLTRATPNVSLHIPWDKADPKELKARGDALGLGFDAMNSNTFSDAPGQAHSYKYGSLSHTNAATRAQAVEHNLECIEIGKAIGSKALTVWIGDGSNFPGQSNFTRAFERYLSAMAEIYKGLPDDWKLFSEHKMYEPAFYSTVVQDWGTNYLIAQTLGPKAQCLVDLGHHAPNTNIEMIVARLIQFGKLGGFHFNDSKYGDDDLDAGAIEPYRLFLVFNELVDAEARGVKGFHPAHMIDQSHNVTDPIESLINSANEIRRAYAQALLVDRAALSGYQEDNDALMATETLKRAYRTDVEPILAEARRRTGGAVDPVATYRASGYRARVAAERPASVA	53,97,127,175,215,217,250,253,277,285,323
2ihzA	MKTITLYLDPASLPALNQLMDFTQNNEDKTHPRIFGLSRFKIPDNIITQYQNIHFVELKDNRPTEALFTILDQYPGNIELNIHLNIAHSVQLIRPILAYRFKHLDRVSIQQLNLYDDGSMEYVDLEKEENKDISAEIKQAEKQLSHYLLTGKIKFDNPTIARYVWQSAFPVKYHFLSTDYFEKAEFLQPLKEYLAENYQKMDWTAYQQLTPEQQAFYLTLVGFNDEVKQSLEVQQAKFIFTGTTTWEGNTDVREYYAQQQLNLLNHFTQAEGDLFIGDHYKIYFKGHPRGGEINDYILNNAKNITNIPANISFEVLMMTGLLPDKVGGVASSLYFSLPKEKISHIIFTSALNNPYVKVMRRLGIIDESQVIFWDSLKQL	10,11,12,38,116,117,118,119,240,241,242,243,245,284,285,286,287,310,311,312,313,330,331,332
2ihzA	MKTITLYLDPASLPALNQLMDFTQNNEDKTHPRIFGLSRFKIPDNIITQYQNIHFVELKDNRPTEALFTILDQYPGNIELNIHLNIAHSVQLIRPILAYRFKHLDRVSIQQLNLYDDGSMEYVDLEKEENKDISAEIKQAEKQLSHYLLTGKIKFDNPTIARYVWQSAFPVKYHFLSTDYFEKAEFLQPLKEYLAENYQKMDWTAYQQLTPEQQAFYLTLVGFNDEVKQSLEVQQAKFIFTGTTTWEGNTDVREYYAQQQLNLLNHFTQAEGDLFIGDHYKIYFKGHPRGGEINDYILNNAKNITNIPANISFEVLMMTGLLPDKVGGVASSLYFSLPKEKISHIIFTSALNNPYVKVMRRLGIIDESQVIFWDSLKQL	9,10,38,87,116,119,245,288
2irxA	QRVTLTNADKVLYPATGTTKSDIFDYYAGVAEVMLGHIAGRPATRKRWPNGVDQPAFFEKQLALSAPPWLSRATVAHRSGTTTYPIIDSATGLAWIAQQAALEVHVPQWRFVAEPGSGELNPGPATRLVFDLDPGEGVMMAQLAEVARAVRDLLADIGLVTFPVTSGSKGLHLYTPLDEPVSSRGATVLAKRVAQRLEQAMPALVTSTMTKSLRAGKVFVDWSQNSGSKTTIAPYSLRGRTHPTVAAPRTWAELDDPALRQLSYDEVLTRIARDGDLLERLDA	45,57,104,130,132,165,167,168,169,171,223,229,230,237,239
2ixlA	TENFFGKTLAARPVEAIPGMLEFDIPVHGDNRGWFKENFQKEKMLPLGFPESFFAEGKLQNNVSFSRKNVLRGLHAEPWDKYISVADGGKVLGTWVDLREGETFGNTYQTVIDASKSIFVPRGVANGFQVLSDFVAYSYLVNDYWALELKPKYAFVNYADPSLDIKWENLEEAEVSEADENHPFLKDVKPLRKEDL	59,71,74,76,80,125,138,144,149
2ixlA	TENFFGKTLAARPVEAIPGMLEFDIPVHGDNRGWFKENFQKEKMLPLGFPESFFAEGKLQNNVSFSRKNVLRGLHAEPWDKYISVADGGKVLGTWVDLREGETFGNTYQTVIDASKSIFVPRGVANGFQVLSDFVAYSYLVNDYWALELKPKYAFVNYADPSLDIKWENLEEAEVSEADENHPFLKDVKPLRKEDL	27,31,34,36
2j72B	FTETTIVVHYHRYDGKYDGWNLWIWPVEPVSQEGKAYQFTGEDDFGKVAVVKLPMDLTKVGIIVRLNEWQAKDVAKDRFIEIKDGKAEVWILQGVEEIFYEKP	24,30,31,32
2j72B	FTETTIVVHYHRYDGKYDGWNLWIWPVEPVSQEGKAYQFTGEDDFGKVAVVKLPMDLTKVGIIVRLNEWQAKDVAKDRFIEIKDGKAEVWILQGVEEIFYEKP	22,24,32,33,62,76
2j72B	FTETTIVVHYHRYDGKYDGWNLWIWPVEPVSQEGKAYQFTGEDDFGKVAVVKLPMDLTKVGIIVRLNEWQAKDVAKDRFIEIKDGKAEVWILQGVEEIFYEKP	22,62,68,71
2j72B	FTETTIVVHYHRYDGKYDGWNLWIWPVEPVSQEGKAYQFTGEDDFGKVAVVKLPMDLTKVGIIVRLNEWQAKDVAKDRFIEIKDGKAEVWILQGVEEIFYEKP	68
2jgvD	HMILTLTLNPSVDISYPLTALKLDDVNRVQEVSKTAGGKGLNVTRVLAQVGEPVLASGFIGGELGQFIAKKLDHADIKHAFYNIKGETRNCIAILHEGQQTEILEQGPEIDNQEAAGFIKHFEQLLEKVEAVAISGSLPKGLNQDYYAQIIERCQNKGVPVILDCSGATLQTVLENPYKPTVIKPNISELYQLLNQPLDESLESLKQAVSQPLFEGIEWIIVSLGAQGAFAKHNHTFYRVNIPTISVLNPVGSGDSTVAGITSAILNHENDHDLLKKANTLGMLNAQEAQTGYVNLNNYDDLFNQIEVLV	222,224,225,227,241,244,246,249,251,252,253,256,278,281,282
2ovdA	SPISTIQPKANFDAQQFAGTWLLVAVGSAARAEATTLHVAPQGTAMAVSTFRKLDGICWQVRQLYGDTGVLGRFLLQARGARGAVHVVVAETDYQSFAVLYLERAGQLSVKLYARSLPVSDSVLSGFEQRVQEAHLTEDQIFYFPKYGFCEAADQFHVLDEV	45,64,73,99,101,103,110,112
2q6vA	RPCYLVLSSHDFRTPRRANIHFITDQLALRGTTRFFSLRYSRLSRMKGDMRLPLDDTANTVVSHNGVDCYLWRTTVHPFNTRRSWLRPVEDAMFRWYAAHPPKQLLDWMRESDVIVFESGIAVAFIELAKRVNPAAKLVYRASDGLSTINVASYIEREFDRVAPTLDVIALVSPAMAAEVVSRDNVFHVGHGVDHNLDQLGDPSPYAEGIHAVAVGSMLFDPEFFVVASKAFPQVTFHVIGSGMGRHPGYGDNVIVYGEMKHAQTIGYIKHARFGIAPYASEQVPVYLADSSMKLLQYDFFGLPAVCPNAVVGPYKSRFGYTPGNADSVIAAITQALEAPRVRYRQCLNWSDTTDRVLDPRAYPETRLYP	214,215,216,217,239,240,258,259,261,264,278,291,292,293,296
2qwiA	RDFNNLTKGLCTINSWHIYGKDNAVRIGEDSDVLVTREPYVSCDPDECRFYALSQGTTIRGKHSNGTIHDRSQYRALISWPLSSPPTVYNSRVECIGWSSTSCHDGKTRMSICISGPNNNASAVIWYNRRPVTEINTWARNILRTQESECVCHNGVCPVVFTDGSATGPAETRIYYFKEGKILKWEPLAGTAKHIEECSCYGERAEITCTCRDNWQGSNRPVIRIDPVAMTHTSQYICSPVLTDNPRPNDPTVGKCNDPYPGNNNNGVKGFSYLDGVNTWLGRTISIASRSGYEMLKVPNALTDDKSKPTQGQTIVLNTDWSGYSGSFMDYWAEGECYRACFYVELIRGRPKEDKVWWTSNSIVSMCSSTEFLGQWDWPDGAKIEYFL	36,37,69,70,74,97,141,143,146,165,195,196,211,289,323
2r68A	IKHVAFLNPQGNFDPADSYWTEHPDFGGQLVYVKEVSLALAEMGVQVDIITRRIKDENWPEFSGEIDYYQETNKVRIVRIPFGGDKFLPKEELWPYLHEYVNKIINFYREEGKFPQVVTTHYGDGGLAGVLLKNIKGLPFTFTGHSLGAQKMEKLNVNTSNFKEMDERFKFHRRIIAERLTMSYADKIIVSTSQERFGQYSHDLYRGAVNVEDDDKFSVIPPGVNTRVFDGEYGDKIKAKITKYLERDLGSERMELPAIIASSRLDQKKNHYGLVEAYVQNKELQDKANLVLTLRGIENPFEDYSRAGQEEKEILGKIIELIDNNDCRGKVSMFPLNSQQELAGCYAYLASKGSVFALTSFYEPFGLAPVEAMASGLPAVVTRNGGPAEILDGGKYGVLVDPEDPEDIARGLLKAFESEETWSAYQEKGKQRVEERYTWQETARGYLEVIQEIADR	9,23,26,27,28,89,121,144,145,150,173
2rk2A	NATFGMGDRVRKKSGAAWQGQIVGWYCTNLTPEGYAVESEAHPGSVQIYPVAALERIN	11,15,46,47,48
2royA	ESKCPLMVKVLDAVRGSPAINVAVHVFRKAADDTWEPFASGKTSESGELHGLTTEEEFVEGIYKVEIDTKSYWKALGISPFHEHAEVVFTANDSGPRRYTIAALLSPYSYSTTAVVTNPKE	8,10,99,101,103,110,111,112,114
2varA	VDVIALGEPLIQFNSFNPGPLRFVNYFEKHVAGSELNFCIAVVRNHLSCSLIARVGNDEFGKNIIEYSRAQGIDTSHIKVDNESFTGIYFIQRGYPIPMKSELVYYRKGSAGSRLSPEDINENYVRNSRLVHSTGITLAISDNAKEAVIKAFELAKSRSLDTNIRPKLWSSLEKAKETILSILKKYDIEVLITDPDDTKILLDVTDPDEAYRKYKELGVKVLLYKLGSKGAIAYKDNVKAFKDAYKVPVEDPTGAGDAMAGTFVSLYLQGKDIEYSLAHGIAASTLVITVRGDNELTPTLEDAERFLNEFK	162,164,224,226,227,229,230,243,244,248,252,253,254,255,256,258,280,283,287
2varA	VDVIALGEPLIQFNSFNPGPLRFVNYFEKHVAGSELNFCIAVVRNHLSCSLIARVGNDEFGKNIIEYSRAQGIDTSHIKVDNESFTGIYFIQRGYPIPMKSELVYYRKGSAGSRLSPEDINENYVRNSRLVHSTGITLAISDNAKEAVIKAFELAKSRSLDTNIRPKLWSSLEKAKETILSILKKYDIEVLITDPDDTKILLDVTDPDEAYRKYKELGVKVLLYKLGSKGAIAYKDNVKAFKDAYKVPVEDPTGAGDAMAGTFVSLYLQGKDIEYSLAHGIAASTLVITVRGDNELTPTLEDAERFLNEFK	224,225,226,227,229,230,243,244,248,254,258,280,283,287
2varA	VDVIALGEPLIQFNSFNPGPLRFVNYFEKHVAGSELNFCIAVVRNHLSCSLIARVGNDEFGKNIIEYSRAQGIDTSHIKVDNESFTGIYFIQRGYPIPMKSELVYYRKGSAGSRLSPEDINENYVRNSRLVHSTGITLAISDNAKEAVIKAFELAKSRSLDTNIRPKLWSSLEKAKETILSILKKYDIEVLITDPDDTKILLDVTDPDEAYRKYKELGVKVLLYKLGSKGAIAYKDNVKAFKDAYKVPVEDPTGAGDAMAGTFVSLYLQGKDIEYSLAHGIAASTLVITVRGDNELTPTLEDAERFLNEFK	9,31,32,33,36,88,102,104,106,135,164,252,253,256,292
2varA	VDVIALGEPLIQFNSFNPGPLRFVNYFEKHVAGSELNFCIAVVRNHLSCSLIARVGNDEFGKNIIEYSRAQGIDTSHIKVDNESFTGIYFIQRGYPIPMKSELVYYRKGSAGSRLSPEDINENYVRNSRLVHSTGITLAISDNAKEAVIKAFELAKSRSLDTNIRPKLWSSLEKAKETILSILKKYDIEVLITDPDDTKILLDVTDPDEAYRKYKELGVKVLLYKLGSKGAIAYKDNVKAFKDAYKVPVEDPTGAGDAMAGTFVSLYLQGKDIEYSLAHGIAASTLVITVRGDNELTPTLEDAERFLNEFK	9,31,32,33,36,88,102,104,106,135,164,252,253,256,292
2vflA	YQPNYFLSIPITNKKITAGIKVLQNSILRQDNRLTKAMVGDGSFHITLLVMQLLNEDEVNIGTDALLELKPFVEEILEGKHLTLPFHGIGTFQGQVGFVKLADGDHVSALLEIAETAKRTFQEKGILAGESRTFKPHLTFMKLSKAPMLWKKGVRKIEPGLYEQFIDHRFGEEILYQIDLCSMLKKKQSNGYYHCESSIVIGEKD	44,46,91,95,131,134,136,138
2vkmA	GSFVEMVDNLRGKSGQGYYVEMTVGSPPQTLNILVDTGSSNFAVGAAPHPFLHRYYQRQLSSTYRDLRKGVYVPYTQGKWEGELGTDLVSIPHGPNVTVRANIAAITESDKFFINGSNWEGILGLAYAEIARPDDSLEPFFDSLVKQTHVPNLFSLQLCGAGFPLNQSEVLASVGGSMIIGGIDHSLYTGSLWYTPIRREWYYEVIIVRVEINGQDLKMDCKEYNYDKSIVDSGTTNLRLPKKVFEAAVKSIKAASSTEKFPDGFWLGEQLVCWQAGTTPWNIFPVISLYLMGEVTNQSFRITILPQQYLRPVEDVATSQDDCYKFAISQSSTGTVMGAVIMEGFYVVFDRARKRIGFAVSACHVHDEFRTAAVEGPFVTLDMEDCGYN	15,16,17,33,35,37,38,73,74,75,76,111,113,118,121,129,201,231,232,233,234,235,236,238,328,338
2w1aC	EIDTLREEIDRLDAEILALVKRRAEVSKAIGKARMASGGTRLVHSREMKVIERYSELGPDGKDLAILLLRLGRGRLGH	22,26,29,33,41,42,45,46,49,68,72
2wn7A	ERKEAERIEQKLERSEKEALESYKKDSVEISKYSQTRNYFYDYQIEANSREKEYKELRNAISKNKIDKPMYVYYFESPEKFAFNKVIRTENQNEISLEKFNEFKETIQNKLFKQDGFKDISLYEPGKGDEKPTPLLMHLKLPRNTGMLPYTNNVSTLIEQGYSIKIDKIVRIVIDGKHYIKAEASVVSSLDFKDDVSKGDSWGKANYNDWSNKLTPNELADVNDYMRGGYTAINNYLISNGPVNNPNPELDSKITNIENALKREPIPTNLTVYRRSGPQEFGLTLTSPEYDFNKLENIDAFKSKWEGQALSYPNFISTSIGSVNMSAFAKRKIVLRITIPKGSPGAYLSAIPGYAGEYEVLLNHGSKFKINKIDSYKDGTITKLIVDATLIP	229,273,274,276,278,279,311,313,316,317,327,330,358
2wvaA	SYTVGTYLAERLVQIGLKHHFAVAGDYNLVLLDNLLLNKNMEQVYCCNELNCGFSAEGYARAKGAAAAVVTYSVGALSAFDAIGGAYAENLPVILISGAPNNNDHAAGHVLHHALGKTDYHYQLEMAKNITAAAEAIYTPEEAPAKIDHVIKTALREKKPVYLEIACNIASMPCAAPGPASALFNDEASDEASLNAAVEETLKFIANRDKVAVLVGSKLRAAGAEEAAVKFADALGGAVATMAAAKSFFPEENPHYIGTSWGEVSYPGVEKTMKEADAVIALAPVFNDYSTTGWTDIPDPKKLVLAEPRSVVVNGIRFPSVHLKDYLTRLAQKVSKKTGALDFFKSLNAGELKKAAPADPSAPLVNAEIARQVEALLTPNTTVIAETGDSWFNAQRMKLPNGARVEYEMQWGHIGWSVPAAFGYAVGAPERRNILMVGDGSFQLTAQEVAQMVRLKLPVIIFLINNYGYTIEVMIHDGPYNNIKNWDYAGLMEVFNGNGGYDSGAGKGLKAKTGGELAEAIKVALANTDGPTLIECFIGREDCTEELVKWGKRVAAANSRKPVNK	387,388,411,412,413,437,438,439,440,443,465,467,468,469,470,471
2wvaA	SYTVGTYLAERLVQIGLKHHFAVAGDYNLVLLDNLLLNKNMEQVYCCNELNCGFSAEGYARAKGAAAAVVTYSVGALSAFDAIGGAYAENLPVILISGAPNNNDHAAGHVLHHALGKTDYHYQLEMAKNITAAAEAIYTPEEAPAKIDHVIKTALREKKPVYLEIACNIASMPCAAPGPASALFNDEASDEASLNAAVEETLKFIANRDKVAVLVGSKLRAAGAEEAAVKFADALGGAVATMAAAKSFFPEENPHYIGTSWGEVSYPGVEKTMKEADAVIALAPVFNDYSTTGWTDIPDPKKLVLAEPRSVVVNGIRFPSVHLKDYLTRLAQKVSKKTGALDFFKSLNAGELKKAAPADPSAPLVNAEIARQVEALLTPNTTVIAETGDSWFNAQRMKLPNGARVEYEMQWGHIGWSVPAAFGYAVGAPERRNILMVGDGSFQLTAQEVAQMVRLKLPVIIFLINNYGYTIEVMIHDGPYNNIKNWDYAGLMEVFNGNGGYDSGAGKGLKAKTGGELAEAIKVALANTDGPTLIECFIGREDCTEELVKWGKRVAAANSRKPVNK	23,24,48,70,73,112
2zhzB	LSKIATRTGDDGTTGLGDGSRVRKDDARIAAIGDVDELNSQIGVLLAEPLPDDVRAALSAIQHDLFDLGGELCIPGHAAITDAHLARLDGWLAHYNGQLPPLEEFILPGGARGAALAHVCRTVCRRAERSIVALGASEPLNAAPRRYVNRLSDLLFVLARVLNRAAGGADVLWD	6,7,8,12,13,14,23,28,32
2zhzB	LSKIATRTGDDGTTGLGDGSRVRKDDARIAAIGDVDELNSQIGVLLAEPLPDDVRAALSAIQHDLFDLGGELCIPGHAAITDAHLARLDGWLAHYNGQLPPLEEFILPGGARGAALAHVCRTVCRRAERSIVALGASEPLNAAPRRYVNRLSDLLFVLARVLNRAAGGADVLWD	124,127,128,148
3c2fA	PVYEHLLPVNGAWRQDVTNWLSEDVPSFDFGGYVVGSDLKEANLYCKQDGMLCGVPFAQEVFNQCELQVEWLFKEGSFLEPSKNDSGKIVVAKITGPAKNILLAERTALNILSRSSGIATASHKIISLARSTGYKGTIAGTRKTTPGLRRLEKYSMLVGGCDTHRYDLSSMVMLKDNHIWATGSITNAVKNARAVCGFAVKIEVECLSEDEATEAIEAGADVIMLDNHFLLECSGGLNLLCDDIDIYSTSSIHQGTPVIDFSLKLAH	140,142,231,233,234,247,248,249
3ct5A	MVYVSNKYLTMSEMKVNAQYILNYLSSNGWTKQAICGMLGNMQSESTINPGLWQNLDEGNTSLGFGLVQWTPASNYINWANSQGLPYKNMDSELKRIIWEVNNNAQWINLRDMTFKEYIKSTKTPRELAMIFLASYERPANPNQPERGDQAEYWYKNLS	44,53,67,68,70,136,138,139
3ct5A	MVYVSNKYLTMSEMKVNAQYILNYLSSNGWTKQAICGMLGNMQSESTINPGLWQNLDEGNTSLGFGLVQWTPASNYINWANSQGLPYKNMDSELKRIIWEVNNNAQWINLRDMTFKEYIKSTKTPRELAMIFLASYERPANPNQPERGDQAEYWYKNLS	67,68,69,70,105,135,136,137
3ct5A	MVYVSNKYLTMSEMKVNAQYILNYLSSNGWTKQAICGMLGNMQSESTINPGLWQNLDEGNTSLGFGLVQWTPASNYINWANSQGLPYKNMDSELKRIIWEVNNNAQWINLRDMTFKEYIKSTKTPRELAMIFLASYERPANPNQPERGDQAEYWYKNLS	137
3du4A	MTHDLIEKSKKHLWLPFTQMKDYDENPLIIESGTGIKVKDINGKEYYDGFSSVWLNVHGHRKKELDDAIKKQLGKIAHSTLLGMTNVPATQLAETLIDISPKKLTRVFYSDSGAEAMEIALKMAFQYWKNIGKPEKQKFIAMKNGYHGDTIGAVSVGSIELFHHVYGPLMFESYKAPIPYVYRSESGDPDECRDQCLRELAQLLEEHHEEIAALSIESMVQGASGMIVMPEGYLAGVRELCTTYDVLMIVDEVATGFGRTGKMFACEHENVQPDLMAAGKGITGGYLPIAVTFATEDIYKAFYDDYENLKTFFHGHSYTGNQLGCAVALENLALFESENIVEQVAEKSKKLHFLLQDLHALPHVGDIRQLGFMCGAELVRSKETKEPYPADRRIGYKVSLKMRELGMLTRPLGDVIAFLPPLASTAEELSEMVAIMKQAIHEVTSLED	16,52,53,145,148,161,279,409
3du4A	MTHDLIEKSKKHLWLPFTQMKDYDENPLIIESGTGIKVKDINGKEYYDGFSSVWLNVHGHRKKELDDAIKKQLGKIAHSTLLGMTNVPATQLAETLIDISPKKLTRVFYSDSGAEAMEIALKMAFQYWKNIGKPEKQKFIAMKNGYHGDTIGAVSVGSIELFHHVYGPLMFESYKAPIPYVYRSESGDPDECRDQCLRELAQLLEEHHEEIAALSIESMVQGASGMIVMPEGYLAGVRELCTTYDVLMIVDEVATGFGRTGKMFACEHENVQPDLMAAGKGITGGYLPIAVTFATEDIYKAFYDDYENLKTFFHGHSYTGNQLGCAVALENLALFESENIVEQVAEKSKKLHFLLQDLHALPHVGDIRQLGFMCGAELVRSKETKEPYPADRRIGYKVSLKMRELGMLTRPLGDVIAFLPPLASTAEELSEMVAIMKQAIHEVTSLED	81,314,315,316
3ergA	MIIYDTPAGPYPARVRIALAEKNMLSSVQFVRINLWKGEHKKPEFLAKNYSGTVPVLELDDGTLIAECTAITEYIDALDGTPTLTGKTPLEKGVIHMMNKRAELELLDPVSVYFHHATPGLGPEVELYQNKEWGLRQRDKALHGMHYFDTVLRERPYVAGDSFSMADITVIAGLIFAAIVKLQVPEECEALRAWYKRMQQRPSVKKLL	5,8,9,10,11,13,34,39,40,52,53,66,67,102,114,120,175
3exsA	LPNLQVALDHSNLKGAITAAVSVGNEVDVIEAGTVCLLQVGSELVEVLRSLFPDKIIVADTKCADAGGTVAKNNAVRGADWMTCICSATIPTMKAARKAIEDINPDKGEIQVELYGDWTYDQAQQWLDAGISQAIYHQSRGEKDLNKVKKLIEMGFRVSVTGGLSVDTLKLFEGVDVFTFIAGRGITEAKNPAGAARAFKDEIKRIWG	6,8,61,114,136,160,161,162,180,182,183
3g1xA	VMNRLILAMDLMNRDDALRVTGEVREYIDTVKIGYPLVLSEGMDIIAEFRKRFGCRIIAGFKVADIPETNEKICRATFKAGADAIIVHGFPGADSVRACLNVAEEMGREVFLLTEMSHPGAEMFIQGAADEIARMGVDLGVKNYVGPSTRPERLSRLREIIGQDSFLISPGVGAQGGDPGETLRFADAIIVGRSIYLADNPAAAAAGIIESIK	7,9,31,61,115,116,169,171,174,190,191,192
3g1xA	VMNRLILAMDLMNRDDALRVTGEVREYIDTVKIGYPLVLSEGMDIIAEFRKRFGCRIIAGFKVADIPETNEKICRATFKAGADAIIVHGFPGADSVRACLNVAEEMGREVFLLTEMSHPGAEMFIQGAADEIARMGVDLGVKNYVGPSTRPERLSRLREIIGQDSFLISPGVGAQGGDPGETLRFADAIIVGRSIYLADNPAAAAAGIIESIK	64,65,68
3gd9A	VPATIPLTITNNSGRAEQIHIYNLGTELSSGRQGWADASGAFHPWPAGGNPPTPAPDASIPGPAPGRSTTIQIPKFSGRIYFSYGRKMEFRLTTGGLVQPAVQNPTDPNRDILFNWSEYTLNDSGLWINSTQVDMFSAPYTVGVRRGDGTTLSTGKLRPGGYNGVFNALRGQSGGWANLIQTRSDGTVLRALSPLYGVETGALPASVMDDYINRVWNKYTGTDLIVTPFADRPDVRYTGRVSGGVLRFTDGSGAVVTTFQKPDASSVFGCHRLLDAPVRGPISRTLCAGFNRTTLLANPHQPDRSAAGFYQEPVTNHYARIIHAHMADGKAYGFAFDDVGHHESLVHDGDPRGASLTLDPFD	119,121,126
3gd9A	VPATIPLTITNNSGRAEQIHIYNLGTELSSGRQGWADASGAFHPWPAGGNPPTPAPDASIPGPAPGRSTTIQIPKFSGRIYFSYGRKMEFRLTTGGLVQPAVQNPTDPNRDILFNWSEYTLNDSGLWINSTQVDMFSAPYTVGVRRGDGTTLSTGKLRPGGYNGVFNALRGQSGGWANLIQTRSDGTVLRALSPLYGVETGALPASVMDDYINRVWNKYTGTDLIVTPFADRPDVRYTGRVSGGVLRFTDGSGAVVTTFQKPDASSVFGCHRLLDAPVRGPISRTLCAGFNRTTLLANPHQPDRSAAGFYQEPVTNHYARIIHAHMADGKAYGFAFDDVGHHESLVHDGDPRGASLTLDPFD	117,118,119,126,127,128,344
3gd9A	VPATIPLTITNNSGRAEQIHIYNLGTELSSGRQGWADASGAFHPWPAGGNPPTPAPDASIPGPAPGRSTTIQIPKFSGRIYFSYGRKMEFRLTTGGLVQPAVQNPTDPNRDILFNWSEYTLNDSGLWINSTQVDMFSAPYTVGVRRGDGTTLSTGKLRPGGYNGVFNALRGQSGGWANLIQTRSDGTVLRALSPLYGVETGALPASVMDDYINRVWNKYTGTDLIVTPFADRPDVRYTGRVSGGVLRFTDGSGAVVTTFQKPDASSVFGCHRLLDAPVRGPISRTLCAGFNRTTLLANPHQPDRSAAGFYQEPVTNHYARIIHAHMADGKAYGFAFDDVGHHESLVHDGDPRGASLTLDPFD	117,128,130,132,331,334
3gd9A	VPATIPLTITNNSGRAEQIHIYNLGTELSSGRQGWADASGAFHPWPAGGNPPTPAPDASIPGPAPGRSTTIQIPKFSGRIYFSYGRKMEFRLTTGGLVQPAVQNPTDPNRDILFNWSEYTLNDSGLWINSTQVDMFSAPYTVGVRRGDGTTLSTGKLRPGGYNGVFNALRGQSGGWANLIQTRSDGTVLRALSPLYGVETGALPASVMDDYINRVWNKYTGTDLIVTPFADRPDVRYTGRVSGGVLRFTDGSGAVVTTFQKPDASSVFGCHRLLDAPVRGPISRTLCAGFNRTTLLANPHQPDRSAAGFYQEPVTNHYARIIHAHMADGKAYGFAFDDVGHHESLVHDGDPRGASLTLDPFD	268,269,334,335
3gdlA	TYKERAATHPSPVAAKLFNIMHEKQTNLCASLDVRTTKELLELVEALGPKICLLKTHVDILTDFSMEGTVKPLKALSAKYNFLLFEDRKFADIGNTVKLQYSAGVYRIAEWADITNAHGVVGPGIVSGLKQAAEEVTKEPRGLLMLAELSCKGSLATGEYTKGTVDIAKSDKDFVIGFIAQRDMGGRDEGYDWLIMTPGVGLDDKGDALGQQYRTVDDVVSTGSDIIIVGRGLFAKGRDAKVEGERYRKAGWEAYLR	30,32,54,56,86,88,148,149,197,210,212,229,230
3gdlA	TYKERAATHPSPVAAKLFNIMHEKQTNLCASLDVRTTKELLELVEALGPKICLLKTHVDILTDFSMEGTVKPLKALSAKYNFLLFEDRKFADIGNTVKLQYSAGVYRIAEWADITNAHGVVGPGIVSGLKQAAEEVTKEPRGLLMLAELSCKGSLATGEYTKGTVDIAKSDKDFVIGFIAQRDMGGRDEGYDWLIMTPGVGLDDKGDALGQQYRTVDDVVSTGSDIIIVGRGLFAKGRDAKVEGERYRKAGWEAYLR	91,92,95
3gqkA	DFAEYFESLGGQVIETGYLVTLEKGKIRKAEKGEKIIGVISETAGFVLGESSFEWQGAVLKNEFGGIIYEEVTTEDGVKFKRPLPNPDFDPNKNYIPRSQRREWHVVGLLGQIAVRIDETVKQGHSIDAVGGVATDGDNFIVQEITTPYTKEKGYGVAIVLVK	54,55,87,88,89,92,93,94,95,97,100,103
3h2kA	PARGTLLTSNFLTSYTRDAISAMLASGPEQAKCNVRVAEFTYATIGVEGEPATASGVLLIPGGERCSGPYPLLGWGHPTEALRAQEQAKEIRDAKGDDPLVTRLASQGYVVVGSDYLGLGKSNYAYHPYLHSASEASATIDAMRAARSVLQHLKTPLSGKVMLSGYSQGGHTAMATQREIEAHLSKEFHLVASAPISGPYALEQTFLDSWSGSNAVGENTFGILLGSYAIVAMQHTYKNIYLEPGQVFQDPWAAKVEPLFPGKQSLTDMFLNDTLPSIDKVKSYFQPGFYSDFPSNPANPFRQDLARNNLLEWAPQTPTLLCGSSNDATVPLKNAQTAIASFQQRGSNQVALVDTGTGNASDNSAFAHMLTKESCIVVVRDQLLDKQR	128,166,167,198,205,208,209,211,218,221,224,225,277,280,284,289,328,329
3h2kA	PARGTLLTSNFLTSYTRDAISAMLASGPEQAKCNVRVAEFTYATIGVEGEPATASGVLLIPGGERCSGPYPLLGWGHPTEALRAQEQAKEIRDAKGDDPLVTRLASQGYVVVGSDYLGLGKSNYAYHPYLHSASEASATIDAMRAARSVLQHLKTPLSGKVMLSGYSQGGHTAMATQREIEAHLSKEFHLVASAPISGPYALEQTFLDSWSGSNAVGENTFGILLGSYAIVAMQHTYKNIYLEPGQVFQDPWAAKVEPLFPGKQSLTDMFLNDTLPSIDKVKSYFQPGFYSDFPSNPANPFRQDLARNNLLEWAPQTPTLLCGSSNDATVPLKNAQTAIASFQQRGSNQVALVDTGTGNASDNSAFAHMLTKESCIVVVRDQLLDKQR	220,265,266,367,368
3h72A	GAALTEKTDIFESGRNGKPNKDGIKSYRIPALLKTDKGTLIAGADERRLHSSDWGDIGMVIRRSEDNGKTWGDRVTITNLRDNPKASDPSIGSPVNIDMVLVQDPETKRIFSIYDMFPEGKGIFGMSSQKEEAYKKIDGKTYQILYREGEKGAYTIRENGTVYTPDGKATDYRVVVDPVKPAYSDKGDLYKGNQLLGNIYFTTNKTSPFRIAKDSYLWMSYSDDDGKTWSAPQDITPMVKADWMKFLGVGPGTGIVLRNGPHKGRILIPVYTTNNVSHLNGSQSSRIIYSDDHGKTWHAGEAVNDNRQVDGQKIHSSTMNNRRAQNTESTVVQLNNGDVKLFMRGLTGDLQVATSKDGGVTWEKDIKRYPQVKDVYVQMSAIHTMHEGKEYIILSNAGGPKRENGMVHLARVEENGELTWLKHNPIQKGEFAYNSLQELGNGEYGILYEHTEKGQNAYTLSFRKFNWDFLSKDL	27,28,46,52,96,97,114,122,123,270,278,282,327,343,375,401,432
3hp8A	MSYADSSRNAVLTNGGRTLRAECRNADGNWVTSELDLDTIIGNNDGHFQWGGQNFTETAEDIRFHPKEGAAEQPILRARLRDCNGEFHDRDVNLNRIQNVNGRLVFQ	41,42,43,44,45,52,53,56,80,81,82
3hp8A	MSYADSSRNAVLTNGGRTLRAECRNADGNWVTSELDLDTIIGNNDGHFQWGGQNFTETAEDIRFHPKEGAAEQPILRARLRDCNGEFHDRDVNLNRIQNVNGRLVFQ	0,1,2,4,5,23,24,25,97,98,99,100,101
3hpiA	IEEGKLVIWINGLFGYNGLAEVGKKFEKDTGIKVTVEHPDKLEEKFPQVAATGDGPDIIFYAHDRFGGYAQSGLLAEITPDKAFQDKLYPFTWDAVRYNGKLIAYPIAVYALSLIYNKDLLPNPPKTWEEIPALDKELKAKGKSALMFNLQEPYFTWPLIAADGGYAFKYENGKYDIKDVGVDNAGAKAGLTFLVDLIKNKHMNADTDYSIAEAAFNKGETAMTINGPWAWSNIDTSKVNYGVTVLPTFKGQPSKPFVGVLSAGINAASPNKELAKEFLENYLLTDEGLEAVNKDKPLGAVALKSYEEELAKDPRIAATMENAQKGEIMPNIPQMSAFWYAVRTAVINAASGRQTVDEALKDAQTRITK	10,12,60,61,63,64,109,151,152,153,328,338,342
3hvlA	GLTEEQRMMIRELMDAQMKTFDTTFSHFKNFRLPGVLSREEAAKWSQVRKDLCSLKVSLQLRGEDGSVWNYKPPADSGGKEIFSLLPHMADMSTYMFKGIISFAKVISYFRDLPIEDQISLLKGAAFELCQLRFNTVFNAETGTWECGRLSYCLEQQLLLEPMLKFHYMLKKLQLHEEEYVLMQAISLFSPDRPGVLQHRVVDQLQEQFAITLKSYIECNRPQPAHRFLFLKIMAMLTELRSINAQHTQRLLRIQDIHPFATPLMQELFGITSLTERHKILHRLLQE	54,88,89,91,92,96,126,130,133,144,151,162,163,166,246,250,253,259,264,268
3i0dA	PQPKVLTPSRKDVLVVTPWLAPIVWEGTFNIDILNEQFRLQNTTIGLTVFAIKKYVAFLKLFLETAEKHFMVGHRVHYYVFTDQPAAVPRVTLGTGRQLSVLEVMRRMEMISDFSERRFLSEVDYLVCVDVDMEFRDHVGVEILTPLFGTLHPSFYGSSREAFTYERRPQSQAYIPKDEGDFYYMGAFFGGSVQEVQRLTRACHQAMMVDQANGIEAVWHDESHLNKYLLRHKPTKVLSPEYLWDQQLLGWPAVLRKLRFTAVP	49,50,51,54,106,129,130,131
3kakA	PLFDYHRIDQKLLQNIVYDALVWSTLNCLLVGDKSVQRSGRVPGVGLVHLPLSLLPGPFPESHWKQGCELAPIFNELVDRVSLDGKFLQESLSRDEFTSRLLDIHSKMLQINKDIRMGIVRSDYMIDEKTKSLLQIEMNTISTSFALIGCLMTGLHKSLLSQYGKFLGLNSNRVPANNAVDQSAEALAKAWSEYNNPRAAILVVVQVEERNMYEQHYISALLREKHHIRSIRKTLTEIDQEGKILPDGTLSVDGQAISVVYFRAGYTPKDYPSESEWRARLLMEQSSAIKCPTISYHLVGTKKIQQELAKPGVLERFVENKDHIAKLRACFAGLWSLEDSDIVKKAIENPELFVMKPQNNIYGDELRETLLKAAYILMQRIFPATSPAILVRDGNWDTGHVISEAGIFGTYLRNKDKIIINNESGYMVRTKISFGVVDTVYLT	120,140,141,142,143,205,208,210,262,265
3kbnA	MNYQPTPEDRFTFGLWTVGWQGRDPFGDATRRALDPVESVRRLAELGAHGVTFHDDDLIPFGSSDSEREEHVKRFRQALDDTGMKVPMATTNLFTHPVFKDGGFTANDRDVRRYALRKTIRNIDLAVELGAETYVAWGGREGAESGGAKDVRDALDRMKEAFDLLGEYVTSQGYDIRFAIEPKPNEPRGDILLPTVGHALAFIERLERPELYGVNPEVGHEQMAGLNFPHGIAQALWAGKLFHIDLNGQNGIKYDQDLRFGAGDLRAAFWLVDLLESAGYSGPRHFDFKPPRTEDFDGVWASAAGCMRNYLILKERAAAFRADPEVQEALRASRLDELARPTAADGLQALLDDRSAFEEFDVDAAAARGMAFERLDQLAMDHLLGARG	15,53,89,93,134,136,180,182,216,219,244,254,286
3kv8A	MRVGERFTHDFVVPPHKTVRHLYPESPEFAEFPEVFATGFMVGLMEWACVRAMAPYLEPGEGSLGTAICVTHTAATPPGLTVTVTAELRSVEGRRLSWRVSAHDGVDEIGSGTHERAVIHLEKFNAKVRQKTP	18,31,36,37
3kv8A	MRVGERFTHDFVVPPHKTVRHLYPESPEFAEFPEVFATGFMVGLMEWACVRAMAPYLEPGEGSLGTAICVTHTAATPPGLTVTVTAELRSVEGRRLSWRVSAHDGVDEIGSGTHERAVIHLEKFNAKVRQKTP	45,64,115
3kv8A	MRVGERFTHDFVVPPHKTVRHLYPESPEFAEFPEVFATGFMVGLMEWACVRAMAPYLEPGEGSLGTAICVTHTAATPPGLTVTVTAELRSVEGRRLSWRVSAHDGVDEIGSGTHERAVIHLEKFNAKVRQKTP	18,21,28,36,37,38
3kv8A	MRVGERFTHDFVVPPHKTVRHLYPESPEFAEFPEVFATGFMVGLMEWACVRAMAPYLEPGEGSLGTAICVTHTAATPPGLTVTVTAELRSVEGRRLSWRVSAHDGVDEIGSGTHERAVIHLEKFNAKVRQKTP	34,71,73,74
3kv8A	MRVGERFTHDFVVPPHKTVRHLYPESPEFAEFPEVFATGFMVGLMEWACVRAMAPYLEPGEGSLGTAICVTHTAATPPGLTVTVTAELRSVEGRRLSWRVSAHDGVDEIGSGTHERAVIHLEKFNAKVRQKTP	63,64
3m4eA	ADSDINIKTGTTDIGSNTTVKTGDLVTYDKENGMHKKVFYSFIDDKNHNKKLLVIRTKGTIAGQYRVYSEEGANKSGLAWPSAFKVQLQLPDNEVAQISDYYPRNSIDTKEYNSTLTYGFNGNVTGDDTGKIGGLIGANVSIGHTLKYVQPDFKTILESPTDKKVGWKVIFNNMVNQNWGPYDRDSWNPVYGNQLFMKTRNGSMKAADNFLDPNKASSLLSSGFSPDFATVITMDRKASKQQTNIDVIYERVRDDYQLHWTSTNWKGTNTKDKWTDRSSERYKIDWEKEEMTN	112,114,144,146
3manA	ATGLHVKNGRLYEANGQEFIIRGVSHPHNWYPQHTQAFADIKSHGANTVRVVLSNGVRWSKNGPSDVANVISLCKQNRLICMLEVHDTTGYGEQSGASTLDQAVDYWIELKSVLQGEEDYVLINIGNEPYGNDSATVAAWATDTSAAIQRLRAAGFEHTLVVDAPNWGQDWTNTMRNNADQVYASDPTGNTVFSIHMYGVYSQASTITSYLEHFVNAGLPLIIGEFGHNPDEDTIMAEAERLKLGYIGWSWSGNGGGVEYLDMVYNFDGDNLSPWGERIFYGPNGIASTAKEAVIFG	29
3manA	ATGLHVKNGRLYEANGQEFIIRGVSHPHNWYPQHTQAFADIKSHGANTVRVVLSNGVRWSKNGPSDVANVISLCKQNRLICMLEVHDTTGYGEQSGASTLDQAVDYWIELKSVLQGEEDYVLINIGNEPYGNDSATVAAWATDTSAAIQRLRAAGFEHTLVVDAPNWGQDWTNTMRNNADQVYASDPTGNTVFSIHMYGVYSQASTITSYLEHFVNAGLPLIIGEFGHNPDEDTIMAEAERLKLGYIGWSWSGNGGGVEYLDMVYNFDGDNLSPWGERIFYGPNGIASTAKEAVIFG	29,30,58,252
3manA	ATGLHVKNGRLYEANGQEFIIRGVSHPHNWYPQHTQAFADIKSHGANTVRVVLSNGVRWSKNGPSDVANVISLCKQNRLICMLEVHDTTGYGEQSGASTLDQAVDYWIELKSVLQGEEDYVLINIGNEPYGNDSATVAAWATDTSAAIQRLRAAGFEHTLVVDAPNWGQDWTNTMRNNADQVYASDPTGNTVFSIHMYGVYSQASTITSYLEHFVNAGLPLIIGEFGHNPDEDTIMAEAERLKLGYIGWSWSGNGGGVEYLDMVYNFDGDNLSPWGERIFYGPNGIASTAKEAVIFG	29,85,248,253,254
4f10A	GSHPFDQAVVKDPTASYVDVKARRTFLQSGQLDDRLKAALPKEYDCTTEATPNPQQGEMVIPRRYLSGNHGPVNPDYEPVVTLYRDFEKISATLGNLYVATGKPVYATCLLNMLDKWAKADALLNYDPKSQSWYQVEWSAATAAFALSTMMAEPNVDTAQRERVVKWLNRVARHQTSFPGGDTSCCNNASYWRGQEATIIGVISKDDELFRWGLGRYVQAMGLINEDGSFVHEMTRHEQSLHYQNYAMLPLTMIAETASRQGIDLYAYKENGRDIHSARKFVFAAVKNPDLIKKYASEPQDTRAFKPGRGDLNWIEYQRARFGFADELGFMTVPIFDPRTGGSATLLAYKPQG	307,308,309
4f10A	GSHPFDQAVVKDPTASYVDVKARRTFLQSGQLDDRLKAALPKEYDCTTEATPNPQQGEMVIPRRYLSGNHGPVNPDYEPVVTLYRDFEKISATLGNLYVATGKPVYATCLLNMLDKWAKADALLNYDPKSQSWYQVEWSAATAAFALSTMMAEPNVDTAQRERVVKWLNRVARHQTSFPGGDTSCCNNASYWRGQEATIIGVISKDDELFRWGLGRYVQAMGLINEDGSFVHEMTRHEQSLHYQNYAMLPLTMIAETASRQGIDLYAYKENGRDIHSARKFVFAAVKNPDLIKKYASEPQDTRAFKPGRGDLNWIEYQRARFGFADELGFMTVPIFDPRTGGSATLLAYKPQG	63,84,302,308,338
4f10A	GSHPFDQAVVKDPTASYVDVKARRTFLQSGQLDDRLKAALPKEYDCTTEATPNPQQGEMVIPRRYLSGNHGPVNPDYEPVVTLYRDFEKISATLGNLYVATGKPVYATCLLNMLDKWAKADALLNYDPKSQSWYQVEWSAATAAFALSTMMAEPNVDTAQRERVVKWLNRVARHQTSFPGGDTSCCNNASYWRGQEATIIGVISKDDELFRWGLGRYVQAMGLINEDGSFVHEMTRHEQSLHYQNYAMLPLTMIAETASRQGIDLYAYKENGRDIHSARKFVFAAVKNPDLIKKYASEPQDTRAFKPGRGDLNWIEYQRARFGFADELGFMTVPIFDPRTGGSATLLAYKPQG	63,64,76,84,137,241,242,245,302,338
4f10A	GSHPFDQAVVKDPTASYVDVKARRTFLQSGQLDDRLKAALPKEYDCTTEATPNPQQGEMVIPRRYLSGNHGPVNPDYEPVVTLYRDFEKISATLGNLYVATGKPVYATCLLNMLDKWAKADALLNYDPKSQSWYQVEWSAATAAFALSTMMAEPNVDTAQRERVVKWLNRVARHQTSFPGGDTSCCNNASYWRGQEATIIGVISKDDELFRWGLGRYVQAMGLINEDGSFVHEMTRHEQSLHYQNYAMLPLTMIAETASRQGIDLYAYKENGRDIHSARKFVFAAVKNPDLIKKYASEPQDTRAFKPGRGDLNWIEYQRARFGFADELGFMTVPIFDPRTGGSATLLAYKPQG	63,130,133,137,186,187,235,242
5galB	PHKSSLPEGIRPGTVLRIRGLVPPNASRFHVNLLCGEEQGSDAALHFNPRLDTSEVVFNSKEQGSWGREERGPGVPFQRGQPFEVLIIASDDGFKAVVGDAQYHHFRHRLPLARVRLVEVGGDVQLDSVRIF	45,47,49,56,58,65,68
5galB	PHKSSLPEGIRPGTVLRIRGLVPPNASRFHVNLLCGEEQGSDAALHFNPRLDTSEVVFNSKEQGSWGREERGPGVPFQRGQPFEVLIIASDDGFKAVVGDAQYHHFRHRLPLARVRLVEVGGDVQLDSVRIF	49,68,70
7estE	VVGGTEAQRNSWPSQISLQYRSGSSWAHTCGGTLIRQNWVMTAAHCVDRELTFRVVVGEHNLNQNNGTEQYVGVQKIVVHPYWNTDDVAAGYDIALLRLAQSVTLNSYVQLGVLPRAGTILANNSPCYITGWGLTRTNGQLAQTLQQAYLPTVDYAICSSSSYWGSTVKNSMVCAGGDGVRSGCQGDSGGPLHCLVNGQYAVHGVTSFVSRLGCNVTRKPTVFTRVSAYISWINNVIASN	44,87,88,166,183,184,186,187,205,206,207,208,209,210
