PDB	Sequence	Binding_idx
1w6o	ASGLVASNLNLKPGECLRVRGEVAPDAKSFVLNLGKDSNNLCLHFNPRFNAHGDANTIVCNSKDDGAWGTEQREAVFPFQPGSVAEVCITFDQANLTVKLPDGYEFKFPNRLNLEAINYMAADGDFKIKCVAFD,ASGLVASNLNLKPGECLRVRGEVAPDAKSFVLNLGKDSNNLCLHFNPRFNAHGDANTIVCNSKDDGAWGTEQREAVFPFQPGSVAEVCITFDQANLTVKLPDGYEFKFPNRLNLEAINYMAADGDFKIKCVAFD	30,43,45,47,51,58,60,67,70,72
2arb	DSLSFGFPTFPSDQKNLIFQGDAQIKNNAVQLTKTDSNGNPVASTVGRILFSAQVHLWEKSSSRVANFQSQFSFSLKSPLSNGADGIAFFIAPPDTTIPSGSGGGLLGLFAPGTAQNTSANQVIAVEFDTFYAQDSNTWDPNYPHIGIDVNSIRSVKTVKWDRRDGQSLNVLVTFNPSTRNLDVVATYSDGTRYEVSYEVDVRSVLPEWVRVGFSAASGEQYQTHTLESWSFTSTLLYT,DSLSFGFPTFPSDQKNLIFQGDAQIKNNAVQLTKTDSNGNPVASTVGRILFSAQVHLWEKSSSRVANFQSQFSFSLKSPLSNGADGIAFFIAPPDTTIPSGSGGGLLGLFAPGTAQNTSANQVIAVEFDTFYAQDSNTWDPNYPHIGIDVNSIRSVKTVKWDRRDGQSLNVLVTFNPSTRNLDVVATYSDGTRYEVSYEVDVRSVLPEWVRVGFSAASGEQYQTHTLESWSFTSTLLYT	43,83,84,100,102,103,104,105,111,130,135,136,138,217,218,219,220
2are	DSLSFGFPTFPSDQKNLIFQGDAQIKNNAVQLTKTDSNGNPVASTVGRILFSAQVHLWEKSSSRVANFQSQFSFSLKSPLSNGADGIAFFIAPPDTTIPSGSGGGLLGLFAPGTAQNTSANQVIAVEFDTFYAQDSNTWDPNYPHIGIDVNSIRSVKTVKWDRRDGQSLNVLVTFNPSTRNLDVVATYSDGTRYEVSYEVDVRSVLPEWVRVGFSAASGEQYQTHTLESWSFTSTLLYT,DSLSFGFPTFPSDQKNLIFQGDAQIKNNAVQLTKTDSNGNPVASTVGRILFSAQVHLWEKSSSRVANFQSQFSFSLKSPLSNGADGIAFFIAPPDTTIPSGSGGGLLGLFAPGTAQNTSANQVIAVEFDTFYAQDSNTWDPNYPHIGIDVNSIRSVKTVKWDRRDGQSLNVLVTFNPSTRNLDVVATYSDGTRYEVSYEVDVRSVLPEWVRVGFSAASGEQYQTHTLESWSFTSTLLYT	83,84,103,104,130,135,136,218,219,220
2oag	SRKTYTLTDYLKNTYRLKLYSLRWISDHEYLYKQENNILVFNAEYGNSSVFLENSTFDEFGHSINDYSISPDGQFILLEYNYVKQWRHSYTASYDIYDLNKRQLITEERIPNNTQWVTWSPVGHKLAYVWNNDIYVKIEPNLPSYRITWTGKEDIIYNGITDWVYEEEVFSAYSALWWSPNGTFLAYAQFNDTEVPLIEYSFYSDESLQYPKTVRVPYPKAGAVNPTVKFFVVNTDSLSSVTNATSIQITAPASMLIGDHYLCDVTWATQERISLQWLRRIQNYSVMDIDYDESSGRWNLVARQHIEMSTTGWVGRFRPSEPHFTLDGNSFYKIISNEEGYRHIYFQIDKKDTFITKGTWEVIGIEALTSDYLYYISNEYKGMPGGRNLYKIQLSDYTKVTLSELNPERQYYSVSFSKEAKYYQLRSGPGLPLYTLHSSVNDKGLRVLEDNSALDKMLQNVQMPSKKLDFIILNETKFWYQMILPPHFDKSKKYPLLLDVYAGPCSQKADTVFRLNWATYLASTENIIVASFDGRGSGYQGDKIMHAINRRLGTFEVEDQIEAARQFSKMGFVDNKRIAIWGWSYGGYVTSMVLGSGSGVFKGIAVAPVSRWEYYDSVYTERYMGLPTPEDNLDHYRNSTVMSRAENFKQVEYLLIHGTADDNVHFQQSAQISKALVDVGVDFQAMWYTDEDHGIASSTAHQHIYTHMSHFIKQFS,SRKTYTLTDYLKNTYRLKLYSLRWISDHEYLYKQENNILVFNAEYGNSSVFLENSTFDEFGHSINDYSISPDGQFILLEYNYVKQWRHSYTASYDIYDLNKRQLITEERIPNNTQWVTWSPVGHKLAYVWNNDIYVKIEPNLPSYRITWTGKEDIIYNGITDWVYEEEVFSAYSALWWSPNGTFLAYAQFNDTEVPLIEYSFYSDESLQYPKTVRVPYPKAGAVNPTVKFFVVNTDSLSSVTNATSIQITAPASMLIGDHYLCDVTWATQERISLQWLRRIQNYSVMDIDYDESSGRWNLVARQHIEMSTTGWVGRFRPSEPHFTLDGNSFYKIISNEEGYRHIYFQIDKKDTFITKGTWEVIGIEALTSDYLYYISNEYKGMPGGRNLYKIQLSDYTKVTLSELNPERQYYSVSFSKEAKYYQLRSGPGLPLYTLHSSVNDKGLRVLEDNSALDKMLQNVQMPSKKLDFIILNETKFWYQMILPPHFDKSKKYPLLLDVYAGPCSQKADTVFRLNWATYLASTENIIVASFDGRGSGYQGDKIMHAINRRLGTFEVEDQIEAARQFSKMGFVDNKRIAIWGWSYGGYVTSMVLGSGSGVFKGIAVAPVSRWEYYDSVYTERYMGLPTPEDNLDHYRNSTVMSRAENFKQVEYLLIGTADDNVHFQQSAQISKALVDVGVDFQAMWYTDEDGIASSTAHQHIYTHMSHFIKQFS	802,882,883,884,885,886,1032,1033,1216,1299,1300,1324,1327,1330,1331,1334,1337,1377,1378
2jbj	NMKAFLDELKAENIKKFLYNFTQIPHLAGTEQNFQLAKQIQSQWKEFGLDSVELAHYDVLLSYPNKTHPNYISIINEDGNEIFNTSLFEPPPPGYENVSDIVPPFSAFSPQGMPEGDLVYVNYARTEDFFKLERDMKINCSGKIVIARYGKVFRGNKVKNAQLAGAKGVILYSDPADYFAPGVKSYPDGWNLPGGGVQRGNILNLNGAGDPLTPGYPANEYAYRRGIAEAVGLPSIPVHPIGYYDAQKLLEKMGGSAPPDSSWRGSLKVPYNVGPGFTFSTQKVKMHIHSTNEVTRIYNVIGTLRGAVEPDRYVILGGHRDSWVFGGIDPQSGAAVVHEIVRSFGTLKKEGWRPRRTILFASWDAEEFGLLGSTEWAEENSRLLQERGVAYINADSSIEGNYTLRVDCTPLMYSLVHNLTKELKSPDEGFEGKSLYESWTKKSPSPEFSGMPRISKLGSGNDFEVFFQRLGIASGRARYTKNFSGYPLYHSVYETYELVEKFYDPMFKYHLTVAQVRGGMVFELANSIVLPFDCRDYAVVLRKYADKIYSISMKHPQEMKTYSVSFDSLFSAVKNFTEIASKFSERLQDFDKSNPIVLRMMNDQLMFLERAFIDPLGLPDRPFYRHVIYAPSSHNKYAGESFPGIYDALFDIESKVDPSKAWGEVKRQIYVAAFTVQAAAETLSEVA	152,153,200,318,322,328,365,366,368,369,394,459,460,488,489,635,636
2pwd	KPGAPWWKSAVFYQVYPRSFKDTNGDGIGDFKGLTEKLDYLKGLGIDAIWINPHYASPNTDNGYDISDYREVMKEYGTMEDFDRLMAELKKRGMRLMVDVVINSSDQHEWFKSSRASKDNPYRDYYFWRDGKDGHEPNNYPSFFGGSAWEKDPVTGQYYLHYFGRQQPDLNWDTPKLREELYAMLRFWLDKGVSGMRFDTVATYSKTPGFPDLTPEQMKNFAEAYTQGPNLHRYLQEMHEKVFDHYDAVTAGEIFGAPLNQVPLFIDSRRKELDMAFTFDLIRYDRALDRWHTIPRTLADFRQTIDKVDAIAGEYGWNTFFLGNDNPRAVSHFGDDRPQWREASAKALATVTLTQRGTPFIFQGDELGMTNYPFKTLQDFDDIEVKGFFQDYVETGKATAEELLTNVALTSRDNARTPFQWDDSANAGFTTGKPWLKVNPNYTEINAAREIGDPKSVYSFYRNLISIRHETPALSTGSYRDIDPSNADVYAYTRSQDGETYLVVVNFKAEPRSFTLPDGMHIAETLIESSSPAAPAAGAASLELQPWQSGIYKVK	60,63,100,143,162,166,196,198,199,252,324,411,415
2pwg	PGAPWWKSAVFYQVYPRSFKDTNGDGIGDFKGLTEKLDYLKGLGIDAIWINPHYASPNTDNGYDISDYREVMKEYGTMEDFDRLMAELKKRGMRLMVDVVINSSDQHEWFKSSRASKDNPYRDYYFWRDGKDGHEPNNYPSFFGGSAWEKDPVTGQYYLHYFGRQQPDLNWDTPKLREELYAMLRFWLDKGVSGMRFDTVATYSKTPGFPDLTPEQMKNFAEAYTQGPNLHRYLQEMHEKVFDHYDAVTAGEIFGAPLNQVPLFIDSRRKELDMAFTFDLIRYDRALDRWHTIPRTLADFRQTIDKVDAIAGEYGWNTFFLGNDNPRAVSHFGDDRPQWREASAKALATVTLTQRGTPFIFQGDELGMTNYPFKTLQDFDDIEVKGFFQDYVETGKATAEELLTNVALTSRDNARTPFQWDDSANAGFTTGKPWLKVNPNYTEINAAREIGDPKSVYSFYRNLISIRHETPALSTGSYRDIDPSNADVYAYTRSQDGETYLVVVNFKAEPRSFTLPDGMHIAETLIESSSPAAPAAGAASLELQPWQSGIYKVK	59,62,99,142,161,165,195,197,198,251,253,277,323,410,414
2oym	PSYLKDDDGRSLILRGFNTASSAKSAPDGMPQFTEADLAREYADMGTNFVRFLISWRSVEPAPGVYDQQYLDRVEDRVGWYAERGYKVMLDMQDVYSGAITAIGNGAPAWATYMDGLPVEPQPRWELYYIQPGVMRAFDNFWNTTGKHPELVEHYAKAWRAVADRFADNDAVVAYDLMNEPFGGSLQGPAFEAGPLAAMYQRTTDAIRQVDQDTWVCVAPQAIGVNQGLPSGLTKIDDPRAGQQRIAYCPLYPLPLDHEGLARTLTDVTIDAWRANTAHTARVLGDVPIILGEFGLDTTLPGARDYIERVYGTAREMGAGVSYWSSDPGPWGPYLPDGTQTLLVDTLNKPYPRAVAGTPTEWSSTSDRLQLTIEPDAAITAPTEIYLPEAGFPGDVHVEGADVVGWDRQSRLLTVRTPADSGNVTVTVTPAA	23,50,93,124,125,128,129,178,179,181,221,222,225,251,292,323,330
2hzy	MSFIPVAEDSDFPIQNLPYGVFSTQSNPKPRIGVAIGDQILDLSVIKHLFTGPALSKHQHVFDETTLNNFMGLGQAAWKEARASLQNLLSASQARLRDDKELRQRAFTSQASATMHLPATIGDYTDFYSSRQHATNVGIMFRGKENALLPNWLHLPVGYHGRASSIVVSGTPIRRPMGQMRPDNSKPPVYGACRLLDMELEMAFFVGPGNRFGEPIPISKAHEHIFGMVLMNDWSARDIQQWEYVPLGPFLGKSFGTTISPWVVPMDALMPFVVPNPKQDPKPLPYLCHSQPYTFDINLSVSLKGEGMSQAATICRSNFKHMYWTMLQQLTHHSVNGCNLRPGDLLASGTISGSDPESFGSMLELSWKGTKAIDVGQGQTRTFLLDGDEVIITGHCQGDGYRVGFGQCAGKVLPAL,GSMSFIPVAEDSDFPIQNLPYGVFSTQSNPKPRIGVAIGDQILDLSVIKHLFTGPALSKHQHVFDETTLNNFMGLGQAAWKEARASLQNLLSASQARLRDDKELRQRAFTSQASATMHLPATIGDYTDFYSSRQATNVGIMFRGKENALLPNWLHLPVGYHGRASSIVVSGTPIRRPMGQMRPDNSKPPVYGACRLLDMELEMAFFVGPGNRFGEPIPISKAHEHIFGMVLMNDWSARDIQQWEYVPLGPFLGKSFGTTISPWVVPMDALMPFVVPNPKQDPKPLPYLCHSQPYTFDINLSVSLKGEGMSQAATICRSNFKHMYWTMLQQLTHHSVNGCNLRPGDLLASGTISGSDPESFGSMLELSWKGTKAIDVGQGQTRTFLLDGDEVIITGHCQGDGYRVGFGQCAGKVLPAL	245,246,543,544,545,553,557,558,575,615,617,649,653,656,660,665,669,765,766
2ihj	MKTITLYLDPASLPALNQLMDFTQNNEDKTHPRIFGLSRFKIPDNIITQYQNIHFVELKDNRPTEALFTILDQYPGNIELNIHLNIASVQLIRPILAYRFKHLDRVSIQQLNLYDDGSMEYVDLEKEENKDISAEIKQAEKQLSHYLLTGKIKFDNPTIARYVWQSAFPVKYHFLSTDYFEKAEFLQPLKEYLAENYQKMDWTAYQQLTPEQQAFYLTLVGFNDEVKQSLEVQQAKFIFTGTTTWEGNTDVREYYAQQQLNLLNHFTQAEGDLFIGDHYKIYFKGPRGGEINDYILNNAKNITNIPANISFEVLMMTGLLPDKVGGVASSLYFSLPKEKISHIIFTSNNPYVKVMRRLGIIDESQVIFWDSLKQLG	10,11,12,15,38,115,116,117,118,119,121,239,240,241,242,243,244,283,284,285,308,309,310,311,328,329,330,350
2ojg	FDVGPRYTNLSYIGEGAYGMVCSAYDNVNKVRVAIKKISPFEHQTYCQRTLREIKILLRFRENIIGINDIIRAPTIEQMKDVYIVQDLMETDLYKLLKTQHLSNDICYFLYQILRGLKYIHSANVLRDLKPSNLLLNTTCDLKICDFGLARVADPDHDHTGFLTEYVATRWYRAPEIMLNSKGYTKSIDIWSVGCILAEMLSNRPIFPGKHYLDQLNHILGILGSPSQEDLNCIINLKARNYLLSLPHKNKVPWNRLFPNADSKALDLLDKMLTFNPHKRIEVEQALAHPYLEQYYDPSDEPIAEAPFKFELDDLPKEKLKELIFEETARFQPG	12,13,17,20,33,35,64,85,86,87,88,90,91,94,131,132,134,144,145
2hzl	VTWRLASSFPKSLDTIFGGAEVLSKMLSEATDGNFQIQVFSAGELVPGLQAADAVTEGTVECCHTVGYYYWGKDPTFALAAAVPFSLSARGINAWHYHGGGIDLYNEFLSQHNIVAFPGGNTGVQMGGWFRREINTVADMQGLKMRVGGFAGKVMERLGVVPQQIAGGDIYPALEKGTIDATEWVGPYDDEKLGFFKVAPYYYYPGWWEGGPTVHFMFNKSAYEGLTPTYQSLLRTACHAADANMLQLYDWKNPTAIKSLVAQGTQLRPFSPEILQACFEAANEVYAEMEASNPAFKKIWDSIKAFRSEHYTWAQIAEYNYDTFMMVQQNAGKL,APKVTWRLASSFPKSLDTIFGGAEVLSKMLSEATDGNFQIQVFSAGELVPGLQAADAVTEGTVECCHTVGYYYWGKDPTFALAAAVPFSLSARGINAWHYHGGGIDLYNEFLSQHNIVAFPGGNTGVQMGGWFRREINTVADMQGLKMRVGGFAGKVMERLGVVPQQIAGGDIYPALEKGTIDATEWVGPYDDEKLGFFKVAPYYYYPGWWEGGPTVHFMFNKSAYEGLTPTYQSLLRTACHAADANMLQLYDWKNPTAIKSLVAQGTQLRPFSPEILQACFEAANEVYAEMEASNPAFKKIWDSIKAFRSEHYTWAQIAEYNYDTFMMVQQNAGKL	8,15,65,67,68,121,124,145,147,182,183,184,208
2ovv	LPARICRDIELFHFDIGPFENMWPGIFVYMIHRSCGTSCFELEKLCRFIMSVKKNYRRVPYNWKHAVTVAHCMYAILQNNNGLFTDLERKGLLIACLCHDLDHRGFSNSYLQKFDHPLAALYSTSTMEQHHFSQTVSILQLEGHNIFSTLSSSEYEQVLEIIRKAIIATDLALYFGNRKQLEEMYQTGSLNLHNQSHRDRVIGLMMTACDLCSVTKLWPVTKLTANDIYAEFWAEGDEMKKLGIQPIPMMDRDKRDEVPQGQLGFYNAVAIPCYTTLTQILPPTEPLLKACRDNLNQWEKVIR	60,170,174,210,212,213,227,228,231,248,260,261,263,264,265,267,268
2h6t	QTVPVKLINEQVSYASDITVGSNKQKLTVVIDTGSSDLWVPDSQVSQAGQGQDPNFKNEGTYSPSSSSSSQNLNSPFSIEYGDGTTSQGTWYKDTIGFGGISITKQQFADVTSTSVDQGILGIGYKTHEAEGNYDNVPVTLKNQGIISKNAYSLYLNSRQATSGQIIFGGVDNAKYSGTLIALPVTSDNELRILNTVKVAGQSINADVDVLLDSGTTITYLQQGVADQVISAFNGQETYDANGNLFYLVDNLSGSVDFAFDKNAKISVPASEFTAPLYTEDGQVYDQQLLFGTSDYNILGDNFLRSAYIVYDLDDNEISLAQVKYTTASNIAALT	11,12,29,31,33,34,35,78,79,80,81,82,84,115,119,210,212,214,215,216,217,219,295,297
2nta	EMEKEFEQIDKSGSWAAIYQDIRHEASDFPCRVAKLPKNKNRNRYRDVSPFDHSRIKLHQEDNDYINASLIKMEEAQRSYILTQGPLPNTCGHFWEMVWEQKSRGVVMLNRVMEKGSLKCAQYWPQKEEKEMIFEDTNLKLTLISEDIKSYYTVRQLELENLTTQETREILFHYTTWPDFGVPESPASFLNFLFKVRESGSLSPEHGPVVVHCSAGIGRSGTFCLADTCLLLMDKRKDPSSVDIKKVLLDMRKFRMGLIQTADQLRFSYLAVIEGAKFIMGDSSVQDQWKELSHED	44,46,47,178,179,180,212,213,214,215,216,217,218,219,259,263
2isw	PLCTLRQMLGEARKHKYGVGAFNVNNMEQIQGIMKAVVQLKSPVILQCSRGALKYSDMIYLKKLCEAALEKHPDIPICIHLDHGDTLESVKMAIDLGFSSVMIDASHHPFDENVRITKEVVAYAHARSVSVEAELGTLVQLTEPQDAKKFVELTGVDALAVAIGTSHGAYKFKSRLAIDRVKTISDLTGIPLVMGSSSVPKDVKDMINKYGGKMPDAVGVPIESIVHAIGEGVCKINVDSDSRMAMTGAIRKVFVEHPEKFDPRDYLGPGRDAITEMLIPKIKAFGSAGHAGDYKVVSLEEAKAWY,PLCTLRQMLGEARKHKYGVGAFNVNNMEQIQGIMKAVVQLKSPVILQCSRGALKYSDMIYLKKLCEAALEKHPDIPICIHLDHGDTLESVKMAIDLGFSSVMIDASHHPFDENVRITKEVVAYAHARSVSVEAELGLTEPQDAKKFVELTGVDALAVAIGLAIDRVKTISDLTGIPLVMHGVPKDVKDMINKYGGKMPDAVPIESIVHAIGEGVCKINVDSDSRMAMTGAIRKVFVEHPEKFDPRDYLGPGRDAITEMLIPKIKAFGSAGHAGDYKVVSLEEAKAWYK	22,46,81,82,166,167,170,194,195,196,236,237,238,239,240
2qu6	AERLPYDASKWEFPRDRLKLGKPLGQVIEADAFGIDKTCRTVAVKMLKTHSEHRALMSELKILIHIGHHLNVVNLLGACTKPGGPLMVITEFCKFGNLSTYLRSKRNEFVPYKVAPEDLYKDFLTLEHLICYSFQVAKGMEFLASRKCIRDLAARNILLSEKNVVKICDFGPLKWMAPETIFDRVYTIQSDVWSFGVLLWEIFSLGASPYPGVKIDEEFCRRLKEGTRMRAPDYTTPEMYQTMLDCWHGEPSQRPTFSELVEHLGNLLQANAQQDRHHHHHH	23,26,42,43,44,58,61,62,65,71,72,87,89,90,91,92,93,94,95,142,147,148,149,157,166,167,168,169
2pog	LALSLTADQMVSALLDAEPPILYSEYASMMGLLTNLADRELVHMINWAKRVPGFVDLTLHDQVHLLESAWLEILMIGLVWRSMEHPGKLLFAPNLLLDRNQGKSVEGMVEIFDMLLATSSRFRMMNLQGEEFVCLKSIILLNSGVYTFLSSTLKSLEEKDHIHRVLDKITDTLIHLMAKAGLTLQQQHQRLAQLLLILSHIRHMSNKGMEHLYSMKVPLYDLLLEMLDAHRLH,LALSLTADQMVSALLDAEPPILYSESMMGLLTNLADRELVHMINWAKRVPGFVDLTLHDQVHLLESAWLEILMIGLVWRSMEHPGKLLFAPNLLLDRNQGKSVEGMVEIFDMLLATSSRFRMMNLQGEEFVCLKSIILLNSGVYTFSTLKSLEEKDHIHRVLDKITDTLIHLMAKAGLTLQQQHQRLAQLLLILSHIRHMSNKGMEHLYSM	29,32,33,35,36,39,69,70,73,74,77,80,90,107,110,111,114,210,211
3b92	ADPDPMKNTKLLVVADHRFYRYMGRGEESTTTNYLIELIDRVDDIYRNTAWDNAGFKGYGIQIEQIRILKSPQEVKPGEKHYNMAKSYPNEEKDAWDVKMLLEQFSFDIAEEASKVLAHLFTYQDFDMGTLGLAYVGSPRANSHGGVPKAYYSPVGKKNIYLNSGLTSTKNYGKTILTKEADLVTTHELGHNFGAEHDPDGLAEAPNEDQGGKYVMYPIAVSGDHENNKMFSQSKQSIYKTIESKAQEFQERS	128,129,130,131,132,179,182,183,186,187,190,196,214,216,217,218,219,220
2p98	AISIKTPEDIEKMRVAGRLAAEVLEMIEPYVKPGVSTGELDRICNDYIVNEQHAVSACLGYHGYPKSVCISINEVVCGIPDDAKLLKDGDIVNIDVTVIKDGFHGDTSKMFIVGKPTIMGERLCRITQESLYLALRMVKPGINLREIGAAIQKFVEAEGFSVVREYCGHGIGRGFHEEPQVLHYDSRETNVVLKPGMTFTIEPMVNAGKKEIRTMKDGWTVKTKDRSLSAQYEHTIVVTDNGCEILTLRKDDTIPAIISHD	57,60,61,63,68,94,95,96,105,106,107,168,174,175,201,218,232
2z4b	DALSPEQLVLTLLEAEPPHVLISRPASMMMSLTKLADKELVHMISWAKKIPGFVELSLFDQVRLLESCWMEVLMMGLMWRSIDHPGKLIFAPDLVLDRDEGKCVEGILEIFDMLLATTSRFRELKLQHKEYLCVKAMILLNSSMYPLVSSRKLAHLLNAVTDALVWVIAKSGISSQQQSMRLANLLMLLSHVRHASNKGMELLNMKVPVYDLLLEMLNAH,LDALSPEQLVLTLLEAEPPHVLISRPASMMMSLTKLADKELVHMISWAKKIPGFVELSLFDQVRLLESCWMEVLMMGLMWRSIDHPGKLIFAPDLVLDRDEGKCVEGILEIFDMLLATTSRFRELKLQHKEYLCVKAMILLNSSMYPLVSSRKLAHLLNAVTDALVWVIAKSGISSQQQSMRLANLLMLLSHVRHASNKGMEHLLNMKVPVYDLLLEMLNAHVL	28,31,32,34,35,38,69,72,73,76,79,89,106,109,110,113,198,201,204
2jj3	DALSPEQLVLTLLEAEPPHVLISRPASMMMSLTKLADKELVHMISWAKKIPGFVELSLFDQVRLLESCWMEVLMMGLMWRSIDHPGKLIFAPDLVLDRDEGKCVEGILEIFDMLLATTSRFRELKLQHKEYLCVKAMILLNSSMYPLVSSRKLAHLLNAVTDALVWVIAKSGISSQQQSMRLANLLMLLSHVRHASNKGMELLNMKNVVPVYDLLLEMLNAH,LDALSPEQLVLTLLEAEPPHVLISRPASMMMSLTKLADKELVHMISWAKKIPGFVELSLFDQVRLLESCWMEVLMMGLMWRSIDHPGKLIFAPDLVLDRDEGKCVEGILEIFDMLLATTSRFRELKLQHKEYLCVKAMILLNSSMYPLVSSRKLAHLLNAVTDALVWVIAKSGISSQQQSMRLANLLMLLSHVRHASNKGMEHLLNMKNVVPVYDLLLEMLNAHVL	28,31,32,34,35,36,38,68,69,72,73,76,79,89,106,109,110,113,198,201,204,210
2h15	HWGYGKHNGPEHWHKDFPIAKGERQSPVDIDTHTAKYDPSLKPLSVSYDQATSLRILNNGHAFNVEFDDSQDKAVLKGGPLDGTYRLIQFHFHWGSLDGQGSEHTVDKKKYAAELLVHWNTKYGDFGKAVQQPDGLAVLGIFLKVGSAKPGLQKVVDVLDSIKTKGKSADFTNFDPRGLLPESLDYWTYPGSLTTPPLLECVTWIVLKEPISVSSEQVLKFRKLNFNGEGEPEELMVDNWRPAQPLKNRQIKASF	1,3,58,60,61,63,88,90,91,92,102,116,125,137,192,193,194,203
2pov	HHWGYGKHNGPEHWHKDFPIAKGERQSPVDIDTHTAKYDPSLKPLSVSYDQATSLRILNNGHAFNVEFDDSQDKAVLKGGPLDGTYRLIQFHFHWGSLDGQGSEHTVDKKKYAAELLVHWNTKYGDFGKAVQQPDGLAVLGIFLKVGSAKPGLQKVVDVLDSIKTKGKSADFTNFDPRGLLPESLDYWTYPGSLTTPPLLECVTWIVLKEPISVSSEQVLKFRKLNFNGEGEPEELMVDNWRPAQPLKNRQIKASF	2,59,61,64,89,91,93,103,117,126,136,138,193,194,195,196,202,204
2pow	HWGYGKHNGPEHWHKDFPIAKGERQSPVDIDTHTAKYDPSLKPLSVSYDQATSLRILNNGHAFNVEFDDSQDKAVLKGGPLDGTYRLIQFHFHWGSLDGQGSEHTVDKKKYAAELLVHWNTKYGDFGKAVQQPDGLAVLGIFLKVGSAKPGLQKVVDVLDSIKTKGKSADFTNFDPRGLLPESLDYWTYPGSLTTPPLLECVTWIVLKEPISVSSEQVLKFRKLNFNGEGEPEELMVDNWRPAQPLKNRQIKASFK	1,60,63,88,90,92,102,116,125,135,137,192,193,194,195,201,203
2nmx	PDWGYDDKNGPEQWSKLYPIANGNNQSPVDIKTSETKHDTSLKPISVSYNPATAKEIINVGHSFHVNFEDNDNRSVLKGGPFSDSYRLFQFHFHWGSTNEHGSEHTVDGVKYSAELVAHWNSAKYSSLAEAASKADGLAVIGVLMKVGEANPKLQKVLDALQAIKTKGKRAPFTNFDPSTLLPSSLDFWTYPGSLTHPPLYESVTWIICKESISVSSEQLAQFRSLLSNVEGDNAVPMQHNNRPTQPLKGRTVRASF	64,88,89,91,93,103,117,127,139,193,194,195,196,198,203,205
2p95	IVGGQEKDGEPWQALLINEENEGFGGTILSEFYILTAAHLYQAKRFKVRVGDRNTEQEEGGEAVHEVEVVIKHNRFTKETYDFDIAVLRLKTPITFRMNVAPALPERDWAESTLMTQKTGIVSGFGRTHEKGRQSTRLKMLEVPYVDRNSCKLSSSFIITQNMFCAGYDTKQEDAQGDSGGPHVTRFKDTYFVTGIVSWGEGARKGKYGIYTKVTAFLKWIDRSMKT,KLSLDNGDDQFHEEQNSVVSARGYTLADNGKAIPTGPYPGKQTLE	77,78,79,80,129,156,162,173,174,175,178,196,198,199,200,201,208,209,210
2p16	IVGGQEKDGEPWQALLINEENEGFGGTILSEFYILTAAHLYQAKRFKVRVGDRNTEQEEGGEAVEVEVVIKNRFTKETYDFDIAVLRLKTPITFRMNVAPALPERDWAESTLMTQKTGIVSGFGRTHEKGRQSTRLKMLEVPYVDRNSKLSSSFIITQNMFAGYDTKQEDAQGDSGGPHVTRFKDTYFVTGIVSWGEGARKGKYGIYTKVTAFLKWIDRSMKT,KLSLDNGDDQFEEQNSVVSARGYTLADNGKAIPTGPYPGKQTLE	75,76,77,78,124,127,153,159,169,170,171,172,173,174,192,193,194,195,196,197,204,205,206
2jfz	MKIGVFDSGVGGFSVLKSLLKARLFDEIIYYGDSARVPYGTKDPTTIKQFGLEALDFFKPHEIELLIVACNTASALALEEMQKYSKIPIVGVIEPSILAIKRQVEDKNAPILVLGTKATIQSNAYDNALKQQGYLNISHLATSLFVPLIEESILEGELLETCMHYYFTPLEILPEVIILGCTFPLIAQKIEGYFMGHFALPTPPLLIHSGDAIVEYLQQKYALKNNACTFPKVEFHASGDVIWLERQAKEWLKL,MKIGVFDSGVGGFSVLKSLLKARLFDEIIYYGDSARVPYGTKDPTTIKQFGLEALDFFKPHEIELLIVACNTASALALEEMQKYSKIPIVGVIEPSILAIKRQVEDKNAPILVLGTKATIQSNAYDNALKQQGYLNISHLATSLFVPLIEESILEGELLETCMHYYFTPLEILPEVIILGCTHFPLIAQKIEGYFMGHFALPTPPLLIHSGDAIVEYLQQKYALPKVEFHASGDVIWLERQAKEWLKL	9,10,12,13,16,148,149,150,151,153,181,184,242,246,250,251
2d2v	MRQLLLISDLDNTWVGDQQALEHLQEYLGDRRGNFYLAYATGRSYHSARELQKQVGLMEPDYWLTAVGSEIYHPEGLDQHWADYLSEHWQRDILQAIADGFEALKPQSPLEQNPWKISYHLDPQACPTVIDQLTEMLKETGIPVQVIFSSGKDVDLLPQRSNKGNATQYLQQHLAMEPSQTLVCGDSGNDIGLFETSARGVIVRNAQPELLHWYDQWGDSRHYRAQSSHAGAILEAIAHFDFLS	10,41,42,46,66,106,110,115,117,148,149,152,154,188
2b1q	MRQLLLISDLDNTWVGDQQALEHLQEYLGDRRGNFYLAYATGRSYHSARELQKQVGLMEPDYWLTAVGSEIYHPEGLDQHWADYLSEHWQRDILQAIADGFEALKPQSPLEQNPWKISYHLDPQACPTVIDQLTEMLKETGIPVQVIFSSGKDVDLLPQRSNKGNATQYLQQHLAMEPSQTLVCGDSGNDIGLFETSARGVIVRNAQPELLHWYDQWGDSRHYRAQSSHAGAILEAIAHFDFLS	10,41,42,66,106,110,115,117,148,151,152,154,188
2pgz	DDDDKLHSQANLMRLKSDLFNRSYPGPTKDDPLTVTLGFTLQDIVKADSSTNEVDLVYYEQQRWKLNSLMWDPNEYGNITDFRTSAADIWTPDITAYSSTRPVQVLSPQIAVVTHDGSVMFIPAQRLSFMDPTGVDSEEGATAVKFGSWVYSGFEIDLKTDTDQVDLSSYYASSKYEILSATQTRQVQHYSPEPYIDVNLVVKFRER,DDDDKLHSQANLMRLKSDLFNYPGPTKDDPLTVTLGFTLQDIVKADSSTNEVDLVYYEQQRWKLNSLMWDPNEYGNITDFRTSAADIWTPDITAYSSTRPVQVLSPQIAVVTHDGSVMFIPAQRLSFMDPTGVDSEEGATAVKFGSWVYSGFEIDLKTDTDQVDLSSYYASSKYEILSATQTRQVQHYSPEPYIDVNLVVKFRERRF,DDDKLHSQANLMRLKSDLFNRSMYPGPTKDDPLTVTLGFTLQDIVKADSSTNEVDLVYYEQQRWKLNSLMWDPNEYGNITDFRTSAADIWTPDITAYSSTRPVQVLSPQIAVVTHDGSVMFIPAQRLSFMDPTGVDSEEGATAVKFGSWVYSGFEIDLKTDTDQVDLSSYYASSKYEILSATQTRQVQHYSPEPYIDVNLVVKFRER,DYKDDDDKLHSQANLMRLKSDLFNRSYPGPTKDDPLTVTLGFTLQDIVKADSSTNEVDLVYYEQQRWKLNSLMWDPNEYGNITDFRTSAADIWTPDITAYSSTRPVQVLSPQIAVVTHDGSVMFIPAQRLSFMDPTGVDSEEGATAVKFGSWVYSGFEIDLKTDTDQVDLSSYYASSKYEILSATQTRQVQHYSPEPYIDVNLVVKFRER,DDDDKLHSQANLMRLKSDLFNYPGPTKDDPLTVTLGFTLQDIVKADSSTNEVDLVYYEQQRWKLNSLMWDPNEYGNITDFRTSAADIWTPDITAYSSTRPVQVLSPQIAVVTHDGSVMFIPAQRLSFMDPTGVDSEEGATAVKFGSWVYSGFEIDLKTDTDQVDLSSYYASSKYEILSATQTRQVQHYSPEPYIDVNLVVKFRER	96,147,148,149,189,194,244,263,265,324,326
2bys	SQANLMRLKSDLFNRSYPGPTKDDPLTVTLGFTLQDIVKADSSTNEVDLVYYEQQRWKLNSLMWDPNEYGNITDFRTSAADIWTPDITAYSSTRPVQVLSPQIAVVTHDGSVMFIPAQRLSFMDPTGVDSEEGATAVKFGSWVYSGFEIDLKTDTDQVDLSSYYASSKYEILSATQTRQVQHYSPEPYIDVNLVVKFRERR,LHSQANLMRLKSDLFNRYPGPTKDDPLTVTLGFTLQDIVKADSSTNEVDLVYYEQQRWKLNSLMWDPNEYGNITDFRTSAADIWTPDITAYSSTRPVQVLSPQIAVVTHDGSVMFIPAQRLSFMDPTGVDSEEGATAVKFGSWVYSGFEIDLKTDTDQVDLSSYYASSKYEILSATQTRQVQHYSPEPYIDVNLVVKFRERR,SQANLMRLKSDLFNYPGPTKDDPLTVTLGFTLQDIVKADSSTNEVDLVYYEQQRWKLNSLMWDPNEYGNITDFRTSAADIWTPDITAYSSTRPVQVLSPQIAVVTHDGSVMFIPAQRLSFMDPTGVDSEEGATAVKFGSWVYSGFEIDLKTDTDQVDLSSYYASSKYEILSATQTRQVQHYSPEPYIDVNLVVKFRERR,LHSQANLMRLKSDLFNYPGPTKDDPLTVTLGFTLQDIVKADSSTNEVDLVYYEQQRWKLNSLMWDPNEYGNITDFRTSAADIWTPDITAYSSTRPVQVLSPQIAVVTHDGSVMFIPAQRLSFMDPTGVDSEEGATAVKFGSWVYSGFEIDLKTDTDQVDLSSYYASSKYEILSATQTRQVQHYSPEPYIDVNLVVKFRERR,KLHSQANLMRLKSDLFNYPGPTKDDPLTVTLGFTLQDIVKADSSTNEVDLVYYEQQRWKLNSLMWDPNEYGNITDFRTSAADIWTPDITAYSSTRPVQVLSPQIAVVTHDGSVMFIPAQRLSFMDPTGVDSEEGATAVKFGSWVYSGFEIDLKTDTDQVDLSSYYASSKYEILSATQTRQVQHYSPEPYIDVNLVVKFRERR	87,88,89,137,138,139,140,141,142,182,187,189,855,879,907,908,916,917,918
2gkl	AGMSLTQVSGPVYVVEDNYYVQENSMVYFGAKGVTVVGATWTPDTARELHKLIKRVSRKPVLEVINTNYHTDRAGGNAYWKSIGAKVVSTRQTRDLMKSDWAEIVAFTRKGLPEYPDLPLVLPNVVHDGDFTLQEGKVRAFYAGPAHTPDGIFVYFPDEQVLYGNILKEKLGNLSFADVKAYPQTLERLKAMKLPIKTVIGGHDSPLHGPELIDHYEALIKAA	20,40,71,111,146,167,171,172,202
2c92	DASGVRLAIVASSWHGKICDALLDGARKVAAGCGLDDPTVVRVLGAIEIPVVAQELARNHDAVVALGVVIRGQTPHFDYVCDAVTQGLTRVSLDSSTPIANGVLTTNTEEQALDRAGLPTSAEDKGAQATVAALATALTLRELRAHS,DASGVRLAIVASSWHGKICDALLDGARKVAAGCGLDDPTVVRVLGAIEIPVVAQELARNHDAVVALGVVIRGQTPHFDYVCDAVTQGLTRVSLDSSTPIANGVLTTNTEEQALDRAGLPTSAEDKGAQATVAALATALTLRELRAHS,DASGVRLAIVASSWHGKICDALLDGARKVAAGCGLDDPTVVRVLGAIEIPVVAQELARNHDAVVALGVVIRGQTPHFDYVCDAVTQGLTRVSLDSSTPIANGVLTTNTEEQALDRAGLPTSAEDKGAQATVAALATALTLRELRAHS,DASGVRLAIVASSWHGKICDALLDGARKVAAGCGLDDPTVVRVLGAIEIPVVAQELARNHDAVVALGVVIRGQTPHFDYVCDAVTQGLTRVSLDSSTPIANGVLTTNTEEQALDRAGLPTSAEDKGAQATVAALATALTLRELRAHS,ASGVRLAIVASSWHGKICDALLDGARKVAAGCGLDDPTVVRVLGAIEIPVVAQELARNHDAVVALGVVIRGQTPHFDYVCDAVTQGLTRVSLDSSTPIANGVLTTNTEEQALDRAGLPTSAEDKGAQATVAALATALTLRELRAHS	11,13,14,43,44,45,46,47,67,68,69,70,71,72,73,75,76,79,246,247,248,261,271,275,278
2c94	ASGVRLAIVASSWHGKICDALLDGARKVAAGCGLDDPTVVRVLGAIEIPVVAQELARNHDAVVALGVVIRGQTPHFDYVCDAVTQGLTRVSLDSSTPIANGVLTTNTEEQALDRAGLPTSAEDKGAQATVAALATALTLRELRAHS,ASGVRLAIVASSWHGKICDALLDGARKVAAGCGLDDPTVVRVLGAIEIPVVAQELARNHDAVVALGVVIRGQTPHFDYVCDAVTQGLTRVSLDSSTPIANGVLTTNTEEQALDRAGLPTSAEDKGAQATVAALATALTLRELRAHS,ASGVRLAIVASSWHGKICDALLDGARKVAAGCGLDDPTVVRVLGAIEIPVVAQELARNHDAVVALGVVIRGQTPHFDYVCDAVTQGLTRVSLDSSTPIANGVLTTNTEEQALDRAGLPTSAEDKGAQATVAALATALTLRELRAHS,ASGVRLAIVASSWHGKICDALLDGARKVAAGCGLDDPTVVRVLGAIEIPVVAQELARNHDAVVALGVVIRGQTPHFDYVCDAVTQGLTRVSLDSSTPIANGVLTTNTEEQALDRAGLPTSAEDKGAQATVAALATALTLRELRAHS,ASGVRLAIVASSWHGKICDALLDGARKVAAGCGLDDPTVVRVLGAIEIPVVAQELARNHDAVVALGVVIRGQTPHFDYVCDAVTQGLTRVSLDSSTPIANGVLTTNTEEQALDRAGLPTSAEDKGAQATVAALATALTLRELRAHS	10,12,13,43,44,45,46,66,67,68,69,70,71,72,74,75,78,244,245,246,259,269,273,276
2nnq	CDAFVGTWKLVSSENFDDYMKEVGVGFATRKVAGMAKPNMIISVNGDVITIKSESTFKNTEISFILGQEFDEVTADDRKVKSTITLDGGVLVVQKWDGKSTTIKRKREDDKLVVECVMKGVTSTRVYERA	9,15,18,19,22,24,28,32,35,37,38,39,50,51,52,54,56,57,59,60,61,71,74,75,77,93,102,104,113,115,124,126
2psv	PQITLWKRPLVTIRIGGQLKEALLDTGADDTVLEEMNLPGKWKPKMIGGIGGFIKVRQYDQIPIEICGHKAIGTVLVGPTPVNIIGRNLLTQIGCTLNF,PQITLWKRPLVTIRIGGQLKEALLDTGADDTVLEEMNLPGKWKPKMIGGIGGFIKVRQYDQIPIEICGHKAIGTVLVGPTPVNIIGRNLLTQIGCTLNF	22,24,26,27,28,29,46,47,48,49,80,81,83,106,121,123,125,126,127,128,130,145,146,147,148,179,180,182
2cem	PQITLWQRPLVTIKIGGQLKEALLDTGADDTVLEEMSLPGRWKPKMIGGIGGFIKVRQYDQILIEICGHKAIGTVLVGPTPVNIIGRNLLTQIGCTLNF,PQITLWQRPLVTIKIGGQLKEALLDTGADDTVLEEMSLPGRWKPKMIGGIGGFIKVRQYDQILIEICGHKAIGTVLVGPTPVNIIGRNLLTQIGCTLNF	22,24,26,27,28,29,31,46,47,48,49,52,75,80,81,83,106,121,123,125,126,127,128,129,130,145,146,147,148,174,179,180,182
2cen	PQITLWQRPLVTIKIGGQLKEALLDTGADDTVLEEMSLPGRWKPKMIGGIGGFIKVRQYDQILIEICGHKAIGTVLVGPTPVNIIGRNLLTQIGCTLNF,PQITLWQRPLVTIKIGGQLKEALLDTGADDTVLEEMSLPGRWKPKMIGGIGGFIKVRQYDQILIEICGHKAIGTVLVGPTPVNIIGRNLLTQIGCTLNF	22,24,26,27,28,29,31,46,47,48,49,52,75,80,81,83,106,121,123,125,126,127,128,129,130,145,146,147,148,174,179,180,182
2q54	PQITLWKRPLVTIRIGGQLKEALLDTGADDTVLEEMNLPGKWKPKMIGGIGGFIKVRQYDQIPIEICGHKAIGTVLVGPTPVNIIGRNLLTQIGCTLNF,PQITLWKRPLVTIRIGGQLKEALLDTGADDTVLEEMNLPGKWKPKMIGGIGGFIKVRQYDQIPIEICGHKAIGTVLVGPTPVNIIGRNLLTQIGCTLNF	7,22,24,26,27,28,29,31,46,47,48,49,80,81,83,106,121,123,125,126,127,128,145,146,147,148,151,179,180,182
2b3f	MKLEIFSWWAGDEGPALEALIRLYKQKYPGVEVINATVTGGAGVNARAVLKTRMLGGDPPDTFQVHAGMELIGTWVVANRMEDLSALFRQEGWLQAFPKGLIDLISYKGGIWSVPVNIHRSNVMWYLPAKLKGWGVNPPRTWDKFLATCQTLKQKGLEAPLALGENWTQQHLWESVALAVLGPDDWNNLWNGKLKFTDPKAVRAWEVFGRVLDCANKDAAGLSWQQAVDRVVQGKAAFNIMGDWAAGYMTTTLKLKPGTDFAWAPSPGTQGVFMMLSDSFGLPKGAKNRQNAINWLRLVGSKEGQDTSNPLKGSIAARLDSDPSKYNAYGQSAMRDWRSNRIVGSLVHGAVAPESFMSQFGTVMEIFLQTRNPQAAANAAQAIADQVGLGRL	7,8,12,40,41,42,63,65,116,118,166,223,243,275,277,311,347
2bbf	RPRFSFSIAAREGKARTGTIEMKRGVIRTPAFMPVGTAATVKALKPETVRATGADIILGNTYHLMLRPGAERIAKLGGLHSFMGWDRPILTDSGGYQVMSLTKQSEEGVTFKSHLSRHMLSPERSIEIQHLLGSDIVMAFDECTPYPATPSRAASSMERSMRWAKRSRDAFDSRKEQAENAALFGIQQGSVFENLRQQSADALAEIGFDGYAVGGLAVGEGQDEMFRVLDFSVPMLPDDKPHYLMGVGKPDDIVGAVERGIDMFDCVLPTRSGRNGQAFTWDGPINIRNARFSEDLKPLDSEHAVQKWSRAYIHHLIRAGEILGAMLMTENIAFYQQLMQKIRDSISEGRFSQFAQDFRARYF	91,92,93,94,95,96,140,142,185,187,213,214,215,216,217,244,245
2gz2	GYTVAVVGATGAVGAQMIKMLEESTLPIDKIRYLASARSAGKSLKFKDQDITIEETTETAFEGVDIALFSAGSSTSAKYAPYAVKAGVVVVDNTSYFRQNPDVPLVVPEVNAHALDAHNGIIACPNCSTIQMMVALEPVRQKWGLDRIIVSTYQAVSGAGMGAILETQRELREVLNDGVKPCDLHAEILPSGGDKKHYPIAFNALPQIDVFTDNDYTYEEMKMTKETKKIMEDDSIAVSATCVRIPVLSAHSESVYIETKEVAPIEEVKAAIAAFPGAVLEDDVAHQIYPQAINAVGSRDTFVGRIRKDLDAEKGIHMWVVSDNLLKGAAWNSVQIAETLHERGLVRPTAELKFELK,GYTVAVVGATGAVGAQMIKMLEESTLPIDKIRYLASARSAGKSLKFKDQDITIEETTETAFEGVDIALFSAGSSTSAKYAPYAVKAGVVVVDNTSYFRQNPDVPLVVPEVNAHALDAHNGIIACPNCSTIQMMVALEPVRQKWGLDRIIVSTYQAVSGAGMGAILETQRELREVLNDGVKPCDLHAEILPSGGDKKHYPIAFNALPQIDVFTDNDYTYEEMKMTKETKKIMEDDSIAVSATCVRIPVLSAHSESVYIETKEVAPIEEVKAAIAAFPGAVLEDDVAHQIYPQAINAVGSRDTFVGRIRKDLDAEKGIHMWVVSDNLLKGAAWNSVQIAETLHERGLVRPTAELKFELK	363,364,365,366,367,368,369,391,392,394,395,412,426,427,431,435,516,517,518
2ihk	MKTITLYLDPASLPALNQLMDFTQNNEDKTHPRIFGLSRFKIPDNIITQYQNIHFVELKDNRPTEALFTILDQYPGNIELNIHLNIAHSVQLIRPILAYRFKHLDRVSIQQLNLYDDGSMEYVDLEKEENKDISAEIKQAEKQLSHYLLTGKIKFDNPTIARYVWQSAFPVKYHFLSTDYFEKAEFLQPLKEYLAENYQKMDWTAYQQLTPEQQAFYLTLVGFNDEVKQSLEVQQAKFIFTGTTTWEGNTDVREYYAQQQLNLLNHFTQAEGDLFIGDHYKIYFKGPRGGEINDYILNNAKNITNIPANISFEVLMMTGLLPDKVGGVASSLYFSLPKEKISHIIFTNNPYVKVMRRLGIIDESQVIFWDSLKQL	10,11,12,15,38,116,117,118,119,122,240,241,242,243,244,245,284,285,286,309,310,311,312,329,330,331,350
2ilz	GEIQWMRPSKEVGYPIINAPSKTKLEPSAFHYVFEGVKEPAVLTKNDPRLKTDFEEAIFSKYVGNKITEVDEYMKEAVDHYAGQLMSLDINTEQMCLEDAMYGTDGLEALDLSTSAGYPYVAMGKKKRDILNKQTRDTKEMQKLLDTYGINLPLVTYVKDELRSKTKVEQGKSRLIEASSLNDSVAMRMAFGNLYAAFHKNPGVITGSAVGCDPDLFWSKIPVLMEEKLFAFDYTGYDASLSPAWFEALKMVLEKIGFGDRVDYIDYLNHSHHLYKNKTYCVKGGMPSGCSGTSIFNSMINNLIIRTLLLKTYKGIDLDHLKMIAYGDDVIASYPHEVDASLLAQSGKDYGLTMTPADKSATFETVTWENVTFLKRFFRADEKYPFLIHPVMPMKEIHESIRWTKDPRNTQDHVRSLCLLAWHNGEEEYNKFLAKIRSVPIGRALDLPEYSTLYDRWLDSF	60,158,162,166,173,174,175,233,234,235,236,237,287,327,358
2jff	ADYQGKNVVIIGLGLTGLSCVDFFLARGVTPRVMDTRMTPPGLDKLPEAVERHTGSLNDEWLMAADLIVASPGIALAHPSLSAAADAGIEIVGDIELFCREAQAPIVAITGSNGKSTVTTLVGEMAKAAGVNVGVGGNIGLPALMLLDDECELYVLELSSFQLETTSSLQAVAATILNVTEDHMDRYPFGLQQYRAALRIYENAKVVVNADDALTMPIRRVSFGVNMGDYHLNHQETWLRVKGEKVLNVKEMKLSGQHNYTNALAALALADAAGLPRASSLKALTTFTGLPHRFEVVLEHNGVRWINDSKATNVGSTEAALNGLHVDGTLHLLLGGDGKSADFSPLARYLNGDNVRLYCFGRDGAQLAALRPEVAEQTETMEQAMRLLAPRVQPGDMVLLSPACASLDQFKNFEQRGNEFARLAKELGSH	10,11,34,35,36,56,70,71,72,73,158,160,182,311,338,404,405,406,411,412
2oiq	AKDAWEIPRESLRLEVKLGQGCFGEVWMGTWNGTTRVAIKTLKPGTMSPEAFLQEAQVMKKLRHEKLVQLYAVVSEEPIYIVTEYMSKGSLLDFLKGEMGKYLRLPQLVDMAAQIASGMAYVERMNYVRDLRAANILVGENLVCKVADFGLGAKFPIKWTAPEAALYGRFTIKSDVWSFGILLTELTTKGRVPYPGMVNREVLDQVERGYRMPCPPECPESLHDLMCQCWRKDPEERPTFEYLQAFLEDYFTSTEPQYQPGENL	17,25,37,38,39,54,57,58,61,66,67,80,81,82,83,84,85,88,126,127,128,136,145,146,147,148
2otz	MNIFEMLRIDEGLRLKIYKDTEGYYTIGIGHLLTKSPSLNAAKSELDKAIGRNTNGVITKDEAEKLFNQDVDAAVRGILRNAKLKPVYDSLDAVRRAAAINMVFQMGETGVAGFTNSLRMLQQKRWDEAAVNLAKSRWYNQTPNRAKRVITTFRTGTWDAYK	77,83,86,87,90,98,101,102,110,113,117,120,132,152
2ou0	MNIFEMLRIDEGLRLKIYKDTEGYYTIGIGHLLTKSPSLNAAKSELDKAIGRNTNGVITKDEAEKLFNQDVDAAVRGILRNAKLKPVYDSLDAVRRAAAINMVFQMGETGVAGFTNSLRMLQQKRWDEAAVNLAKSRWYNQTPNRAKRVITTFRTGTWDAYK	77,83,86,87,90,98,101,102,110,117,120,152
2pjo	YPIINFTTAGATVQSYTNFIRAVRGRLTTGADVRHEIPVLPNRVGLPINQRFILVELSNHAELSVTLALDVTNAYVVGYRAGNSAYFFHPDNQEDAEAITHLFTDVQNRYTFAFGGNYDRLEQLAGNLRENIELGNGPLEEAISALYYYSTGGTQLPTLARSFIICIQMISEAARFQYIEGEMRTRIRYNRRSAPDPSVITLENSWGRLSTAIQESNQGAFASPIQLQRRNGSKFSVYDVSILIPIIALMVYRCAPPP	74,75,87,115,116,117,120,166,174
2pzv	NLPTAQEVQGLMARYIELVDVGDIEAIVQMYADDATVENPFGQPPIHGREQIAAFYRQGLKVRACLTGPVRASHNGCGAMPFRVEMVWNGQPCALDVIDVMRFDEHGRIQTMQAYWSEVNLSV,NLPTAQEVQGLMARYIELVDVGDIEAIVQMYADDATVENPFGQPPIHGREQIAAFYRQGLKVRACLTGPVRASHNGCGAMPFRVEMVWNGQPCALDVIDVMRFDEHGRIQTMQAYWSEVNLSV	14,18,38,55,59,81,83,94,96,98,111,113,115
2q88	RDENKLEELKEQGFARIAIANEPPFTAVGADGKVSGAAPDVAREIFKRLGVADVVASISEYGAMIPGLQAGRHDAITAGLFMKPERAAVAYSQPILDAEAFALKKGNPLGLKSYKDIADNPDAKIGAPGGGTEEKLALEAGVPRDRVIVVPDGQSGLKMLQDGRIDVYSLPVLSINDLVSKANDPNVEVLAPVEGAPVYDGAAFRKGDEALRDAFDVELAKLKESGEFAKIIEPYGFSAKAAMSTTREKLAAK	21,24,60,77,78,79,80,85,127,130,131,132,169,170,173
2q89	RDENKLEELKEQGFARIAIANEPPFTAVGADGKVSGAAPDVAREIFKRLGVADVVASISEYGAMIPGLQAGRHDAITAGLFMKPERAAVAYSQPILDAEAFALKKGNPLGLKSYKDIADNPDAKIGAPGGGTEEKLALEAGVPRDRVIVVPDGQSGLKMLQDGRIDVYSLPVLSINDLVSKANDPNVEVLAPVEGAPVYDGAAFRKGDEALRDAFDVELAKLKESGEFAKIIEPYGFSAKAAMSTTREKLAAK	21,24,60,77,78,79,80,85,127,130,131,132,169,170,173
2qeh	METVQDENKLPPSLKSRLEIRRYEIIEGPEMDKHIHVMRALDFVYEDGRGDYHKLYDPLNIIELDKRHDVNLEKIGECVQVPTSERAHVFYKLLKSTTGRTFKKVFDLMELKKAGKVPQHQRYTAEFVQIMKDYDKALN	3,6,17,19,20,22,33,34,36,90,105,106,109,130,134
2r3d	YPIINFTTAGATVQSYTNFIRAVRGRLTTGADVRHEIPVLPNRVGLPINQRFILVELSNHAELSVTLALDVTNAYVVGYRAGNSAYFFHPDNQEDAEAITHLFTDVQNRYTFAFGGNYDRLEQLAGNLRENIELGNGPLEEAISALYYYSTGGTQLPTLARSFIICIQMISEAARFQYIEGEMRTRIRYNRRSAPDPSVITLENSWGRLSTAIQESNQGAFASPIQLQRRNGSKFSVYDVSILIPIIALMVYRCAPPP	74,75,76,87,115,116,166,170,174
2r5p	PQITLWKRPLVSIKVGGQIKEALLDTGADDTVIEEIALPGRWKPKMIGGIGGFIKVRQYDQIIIEICGKKAIGTVLVGPTPVNIIGRNMLTQLGCTLNF,PQITLWKRPLVSIKVGGQIKEALLDTGADDTVIEEIALPGRWKPKMIGGIGGFIKVRQYDQIIIEICGKKAIGTVLVGPTPVNIIGRNMLTQLGCTLNF	7,22,24,26,27,28,29,31,46,47,48,49,52,80,81,83,106,121,123,125,126,127,128,129,130,145,146,147,148,174,179,180,182
2rde	VSTINSTDALAMVEHSSELTLSITTPVGTKFVCRTPFIGTHTDKFLLVEMPKISADDLQYFFQEGFWMNIRAISPRGEGALIHFRSQLMHILQEPVPMAFLSIPNTMQVSQLRKEPRFELNLAGKVLFDEHRGDCELRDLSRSGCRFITPPLGKTYQVGDLVALEIFSDLRGTKTFPPLTGKICNLQRSLHHARYGLEFNEEGRNNAKNLLAQLKFNGTKLTLN,TVSTINSTDALAMVEHSSELTLSITTPVGTKFVCRTPFIGTHTDKFLLVEMPKISADDLQYFFQEGFWMNIRAISPRGEGALIHFRSQLMHILQEPVPMAFLSIPNTMQVSQLRKEPRFELNLAGKVLFDEHRGDCELRDLSRSGCRFITPPLGKTYQVGDLVALEIFSDLRGTKTFPPLTGKICNLQRSLHHARYGLEFNEEGRNNAKNLLAQLKFNGTKLTLN	70,72,111,112,113,116,138,139,140,142,143,144,145,183,184,195,196,197
3b50	ADYDLKFGMNAGTSSNEYKAAEMFAKEVKEKSQGKIEISLYPSSQLGDDRAMLKQLKDGSLDFTFAESARFQLFYPEAAVFALPYVISNYNVAQKALFDTEFGKDLIKKMDKDLGVTLLSQAYNGTRQTTSNRAINSIADMKGLKLRVPNAATNLAYAKYVGASPTPMAFSEVYLALQTNAVDGQENPLAAVQAQKFYEVQKFLAMTNHILNDQLYLVSNETYKELPEDLQKVVKDAAENAAKYHTKLFVDGEKDLVTFFEKQGVKITHPDLVPFKESMKPYYAEFVKQTGQKGESALKQIEAINPKGEA	9,10,16,48,64,65,66,68,69,126,146,148,150,153,169,186,211,213
3bgq	PLESQYQVGPLLGSGGFGSVYSGIRVSDNLPVAIKHVEKDRISDWGELPNGTRVPMEVVLLKKVSSGFSGVIRLLDWFERPDSFVLILERPEPVQDLFDFITERGALQEELARSFFWQVLEAVRHCHNCGVLHRDIKDENILIDLNRGELKLIDFGSGALLKDTVYTDFDGTRVYSPPEWIRYHRYHGRSAAVWSLGILLYDMVCGDIPFEHDEEIIRGQVFFRQRVSECQHLIRWCLALRPSDRPTFEEIQNHPWMQDVLLPQETAEIHLH	11,12,16,19,32,34,71,87,88,89,90,93,95,98,141,152,153
3bgz	PLESQYQVGPLLGSGGFGSVYSGIRVSDNLPVAIKHVEKDRISDWGERVPMEVVLLKKVSSGFSGVIRLLDWFERPDSFVLILERPEPVQDLFDFITERGALQEELARSFFWQVLEAVRHCHNCGVLHRDIKDENILIDLNRGELKLIDFGSGALLKDTVYTDFDGTRVYSPPEWIRYHRYHGRSAAVWSLGILLYDMVCGDIPFEHDEEIIRGQVFFRQRVSECQHLIRWCLALRPSDRPTFEEIQNHPWMQDVLLPQETAEIHLH	11,12,13,16,19,32,34,66,82,83,84,85,88,90,136,147,148
1swk	GITGTWYNQLGSTFIVTAGADGALTGTYESAVGNAESRYVLTGRYDSAPATDGSGTALGWTVAFKNNYRNAHSATTWSGQYVGGAEARINTQWLLTSGTTEANAWKSTLVGHDTFTK,GITGTWYNQLGSTFIVTAGADGALTGTYESAVGNAESRYVLTGRYDSAPATDGSGTALGWTVAFKNNYRNAHSATTWSGQYVGGAEARINTQWLLTSGTTEANAWKSTLVGHDTFTK,GITGTWYNQLGSTFIVTAGADGALTGTYESAVGNAESRYVLTGRYDSAPATDGSGTALGWTVAFKNNYRNAHSATTWSGQYVGGAEARINTQWLLTSGTTEANAWKSTLVGHDTFTK,GITGTWYNQLGSTFIVTAGADGALTGTYESAVGNAESRYVLTGRYDSAPATDGSGTALGWTVAFKNNYRNAHSATTWSGQYVGGAEARINTQWLLTSGTTEANAWKSTLVGHDTFTK	7,9,11,27,29,30,31,32,33,34,63,70,72,74,76,92,94,112,455
1tog	MFENITATTADPILGLADLFRADERPGKIDLGIGVYKDETGKTPVLTSVKKAEQYLLENETTKNYLGIDGIPEFGRCTQELLFGKGSALINDKRARTAQTPGGSGALRVAADFLAKNTSVKRVWVSNPSWPNHKSVFNSAGLEVREYAYYDAENHTLDFDALINSLNEAQAGDVVLFHGCCHNPTGIDPTLEQWQTLAQLSVEKGWLPLFDFAYQGFARGLEEDAEGLRAFAAMHKELIVASSYSNFALYNERVGACTLVAADSETVDRAFGQMKAAIRDNYSSPPAHGASVVATILSNDALRAIWEQELTDMRQRIQRMRQLFVNTLQEKGANRDFSFIIKQNGMFSFSGLTKEQVLRLREEFGVYAVASGRVNVAGMTPDNMAPLCEAIVAVL,MFENITATTADPILGLADLFRADERPGKIDLGIGVYKDETGKTPVLTSVKKAEQYLLENETTKNYLGIDGIPEFGRCTQELLFGKGSALINDKRARTAQTPGGSGALRVAADFLAKNTSVKRVWVSNPSWPNHKSVFNSAGLEVREYAYYDAENHTLDFDALINSLNEAQAGDVVLFHGCCHNPTGIDPTLEQWQTLAQLSVEKGWLPLFDFAYQGFARGLEEDAEGLRAFAAMHKELIVASSYSNFALYNERVGACTLVAADSETVDRAFGQMKAAIRDNYSSPPAHGASVVATILSNDALRAIWEQELTDMRQRIQRMRQLFVNTLQEKGANRDFSFIIKQNGMFSFSGLTKEQVLRLREEFGVYAVASGRVNVAGMTPDNMAPLCEAIVAVL	10,12,13,32,33,103,129,131,182,213,252,346,372,459,677
1uto	IVGGYTGANTVPYQVSLNSGYHFGGSLINSQWVVSAAHYKSGIQVRLGEDNINVVEGNEQFISASKSIVHPSYNSNTLNNDIMLIKLKSAASLNSRVASISLPTSASAGTQLISGWGNTKSSGTSYPDVLKLKAPILSDSSKSAYPGQITSNMFAGYLEGGKDSQGDSGGPVVSGKLQGIVSWGSGAQKNKPGVYTKVNYVSWIKQTIASN	37,162,163,164,166,167,180,181,182,183,185,192,193
2cjp	KIEHKMVAVNGLNMHLAELGEGPTILFIHGFPELWYSWRHQMVYLAERGYRAVAPDLRGYGDTTGAPLNDPSKFSILHLVGDVVALLEAIAPNEEKVFVVAHDWGALIAWHLCLFRPDKVKALVNLSVHFSKRNPKMNVVEGLKAIYGEDHYISRFQVPGEIEAEFAPIGAKSVLKKILTYRDPAPFYFPKGKGLEAIPDAPVALSSWLSEEELDYYANKFEQTGFTGAVNYYRALPINWELTAPWTGAQVKVPTKFIVGEFDLVYHIPGAKEYIHNGGFKKDVPLLEEVVVLEGAAHFVSQERPHEISKHIYDFIQKF	30,31,102,151,155,177,178,180,186,188,232,263,264,297,298
2fx6	IVGGYTGANTVPYQVSLNSGYFGGSLINSQWVVSAAHYKSGIQVRLGEDNINVVEGNEQFISASKSIVHPSYNSNTLNNDIMLIKLKSAASLNSRVASISLPTSASAGTQLISGWGNTKSSGTSYPDVLKLKAPILSDSSKSAYPGQITSNMFAGYLEGGKDSQGDSGGPVVSGKLQGIVSWGSGAQKNKPGVYTKVNYVSWIKQTIASN	161,162,163,164,165,166,179,180,181,182,184,185,191
2add	QIEQPYRTGYHFQPPSNWMNDPNGPMLYQGVYHFFYQYNPYAATFGDVIIWGHAVSYDLVNWIHLDPAIYPTQEADSKSCWSGSATILPGNIPAMLYTGSDSKSRQVQDLAWPKNLSDPFLREWVKHPKNPLITPPEGVKDDCFRDPSTAWLGPDGVWRIVVGGDRDNNGMAFLYQSTDFVNWKRYDQPLSSADATGTWECPDFYPVPLNSTNGLDTSVYGGSVRHVMKAGFEGHDWYTIGTYSPDRENFLPQNGLSLTGSTLDLRYDYGQFYASKSFFDDAKNRRVLWAWVPETDSQADDIEKGWAGLQSFPRALWIDRNGKQLIQWPVEEIEELRQNQVNLQNKNLKPGSVLEIHGIAASQADVTISFKLEGLKEAEVLDTTLVDPQALNERGASSRGALGPFGLLAMASKDLKEQSAIFFRVFQNQLGRYSVLMSDLSRSTVRSNIDTTSYGAFVDIDPRSEEISLRNLIDHSIIESFGAGGKTCITSRIYPKFVNNEEAHLFVFNNGTQNVKISEMSAWSMKNAKFVVDQS	19,20,36,44,48,80,81,97,105,141,144,145,199,200,272,273
2e2p	MMIIVGVDAGGTKTKAVAYDEGNFIGEGSSGPGNYHNVGLTRAIENIKEAVKIAAKGEADVVGMGVAGLDSKFDWENFTPLASLIAPKVIIQHDGVIALFAETLGEPGVVVIAGTGSVVEGYNGKEFLRVGGRGWLLSDDGSAYWVGRKALRKVLKMMDGLENKTILYNKVLKTINVKDLDELVMWSYTSSQIDLVASIAKAVDEAANEGDTVAMDILKQGAELLASQAVYLARKIGTNKVYLKGGMFRSNIYHKFFTLYLEKEGIISDLGKRSPEIGAVILAYKEVGDIKKLIS,MMIIVGVDAGGTKTKAVAYDEGNFIGEGSSGPGNYHNVGLTRAIENIKEAVKIAAKGEADVVGMGVAGLDSKFDWENFTPLASLIAPKVIIQHDGVIALFAETLGEPGVVVIAGTGSVVEGYNGKEFLRVGGRGWLLSDDGSAYWVGRKALRKVLKMMDGLENKTILYNKVLKTINVKDLDELVMWSYTSSQIDLVASIAKAVDEAANEGDTVAMDILKQGAELLASQAVYLARKIGTNKVYLKGGMFRSNIYHKFFTLYLEKEGIISDLGKRSPEIGAVILAYKEVGDIKKLI	113,114,115,142,196,197,199,200,203,217,244,245,246,248,249
2epn	ATFLGLSSKQEKALVRLDKYLNLGEIAVSLVATSIKVEGRQGYYQVSYKQPHQLYRALALLSAALRSGQDEVQIEEEAAYEDLAYMADCSRNAVLNLSSAKKMIEVLALMGYSTFELYMEDTYEIENQPYFGYFRGRYTVAELQEIEDYAADFDMSFVPCIQTLALSAFVKWGIKEVQELRDVEDILLIGEEKVYDLIEGMFQTMAHLHTRKINIGMDEALVGLGRYLIKHGFQNRSLLMCQHLERVLDIADKYGFNCQMWSDMFFKLMSADGQYDRDVEIPEETRVYLDRLKERVTLVYWDYYQDSEEKYNRNFQNHHKISQDIAFAGGAWKWIGFTPHNHFSRLVAIEANKACRKNQVKEVIVTGWGDNGGETSQFSVLPALQIWAELAYRNDLKKVSEHFLVSTGLDFDDFMKIDLANLLPDLPDNLSGINPNRYVLYQDVLCPLLEQHIRPEKDKQHFASSAQQLGEISKRAGEYAYIFETQAQLNALLALKISITSGIQKAYRNGDKEHLSALAEKDFPQLYQMVEDFSDQFSRQWQQENKIFGLDTIDIRFGGLLKRIKRAQERLEQFISGQIDCVEELEQEILPFNDFYKDQGLTATTANQWHLIATASTIYTT,ATFLGLSSKQEKALVRLDKYLNLGEIAVSLVATSIKVEGRQGYYQVSYKQPHQLYRALALLSAALRSGQDEVQIEEEAAYEDLAYMADCSRNAVLNLSSAKKMIEVLALMGYSTFELYMEDTYEIENQPYFGYFRGRYTVAELQEIEDYAADFDMSFVPCIQTLAHLSAFVKWGIKEVQELRDVEDILLIGEEKVYDLIEGMFQTMAHLHTRKINIGMDEAHLVGLGRYLIKHGFQNRSLLMCQHLERVLDIADKYGFNCQMWSDMFFKLMSADGQYDRDVEIPEETRVYLDRLKERVTLVYWDYYQDSEEKYNRNFQNHHKISQDIAFAGGAWKWIGFTPHNHFSRLVAIEANKACRKNQVKEVIVTGWGDNGGETSQFSVLPALQIWAELAYRNDLKKVSEHFLVSTGLDFDDFMKIDLANLLPDLPDNLSGINPNRYVLYQDVLCPLLEQHIRPEKDKQHFASSAQQLGEISKRAGEYAYIFETQAQLNALLALKISITSGIQKAYRNGDKEHLSALAEKDFPQLYQMVEDFSDQFSRQWQQENKIFGLDTIDIRFGGLLKRIKRAQERLEQFISGQIDCVEELEQEILPFNDFYKDQGLTATTANQWHLIATASTIYTT	90,117,217,218,260,300,302,303,333,367,369,1243
2j4k	MNIILKISGKFFDEDNVDNLIVLRQSIKELADNGFRVGIVTGGGSTARRYIKLAREIGIGEAYLDLLGIWASRLNAYLVMFSLQDLAYMHVPQSLEEFIQDWSHGKVVVTGGFQPGQSTAAVAALVAEASSSKTLVVATNVDGVYEKDPRIYADVKLIPHLTTQDLRKILLLDPLAIKIVERSKIRVIVMNYRKLNRIEVSSIIEPV,MNIILKISGKFFDEDNVDNLIVLRQSIKELADNGFRVGIVTGGGSTARRYIKLAREIGIGEAYLDLLGIWASRLNAYLVMFSLQDLAYMHVPQSLEEFIQDWSHGKVVVTGGFQPGQSTAAVAALVAEASSSKTLVVATNVDGVYEKDPRIYADVKLIPHLTTQDLRKIELLDPLAIKIVERSKIRVIVMNYRKLNRIIDILKGEEVSSIIEPV,MNIILKISGKFFDEDNVDNLIVLRQSIKELADNGFRVGIVTGGGSTARRYIKLAREIGIGEAYLDLLGIWASRLNAYLVMFSLQDLAYMHVPQSLEEFIQDWSHGKVVVTGGFQPGQSTAAVAALVAEASSSKTLVVATNVDGVYEKDPRIYIPHLTTQDLRLLDPLAIKIVERSKIRVIVMNYRKLNRIIDILKGEEVSSIIEPV,MNIILKISGKFFDEDNVDNLIVLRQSIKELADNGFRVGIVTGGGSTARRYIKLAREIGIGEAYLDLLGIWASRLNAYLVMFSLQDLAYMHVPQSLEEFIQDWSHGKVVVTGGFQPGQSTAAVAALVAEASSSKTLVVATNVDGVYEKDPRIYADVKLIPHLTTQDLRKILEGSQSVQAGTYELLDPLAIKIVERSKIRVIVMNYRKLNRIIDILKGEEVSSIIEPV,MNIILKISGKFFDEDNVLRQSIKELADNGFRVGIVTGGGSTARRYIKLAREIGIGEAYLDLLGIWASRLNAYLVMFSLQDLAYMHVPQSLEEFIQDWSHGKVVVTGGFQPGQSTAAVAALVAEASSSKTLVVATNVDGVYEKDPRIYADVKLIPHLTTQDLRKILEGSQSVQAGTYELLDPLAIKIVERSKIRVIVMNYRKLNRIIDILKGEEVSSIIEPV,MNIILKISGKFFDEDNVDNLIVLRQSIKELADNGFRVGIVTGGGSTARRYIKLAREIGIGEAYLDLLGIWASRLNAYLVMFSLQDLAYMHVPQSLEEFIQDWSHGKVVVTGGFQPGQSTAAVAALVAEASSSKTLVVATNVDGVYKLIPHLTTQDLRKIAGTYELLDPLAIKIVERSKIRVIVMNYRKLNRIIDILKGEEVSSIIEPV	5,41,42,43,46,50,64,67,68,71,111,112,113,114,115,116,117,118,119,121
2jdu	ATQGVFTLPANTRFGVTAFANSSNTQTVNVLVNNETAATFSGQSTNNAVIGTQVLNSGSSGKVQVQVSVNGRPSDLVSAQVILTNELNFALVGSEDGTDNDYNDAVVVINWPLG,ATQGVFTLPANTRFGVTAFANSSNTQTVNVLVNNETAATFSGQSTNNAVIGTQVLNSGSSGKVQVQVSVNGRPSDLVSAQVILTNELNFALVGSEDGTDNDYNDAVVVINWPLG,ATQGVFTLPANTRFGVTAFANSSNTQTVNVLVNNETAATFSGQSTNNAVIGTQVLNSGSSGKVQVQVSVNGRPSDLVSAQVILTNELNFALVGSEDGTDNDYNDAVVVINWPLG,ATQGVFTLPANTRFGVTAFANSSNTQTVNVLVNNETAATFSGQSTNNAVIGTQVLNSGSSGKVQVQVSVNGRPSDLVSAQVILTNELNFALVGSEDGTDNDYNDAVVVINWPLG	248,249,250,251,272,322,323,324,326,328,331,455
2jdy	ATQGVFTLPANTRFGVTAFANSSNTQTVNVLVNNETAATFSGQSTNNAVIGTQVLNSGSSGKVQVQVSVNGRPSDLVSAQVILTNELNFALVGSEDGTDNDYNDAVVVINWPLG,ATQGVFTLPANTRFGVTAFANSSNTQTVNVLVNNETAATFSGQSTNNAVIGTQVLNSGSSGKVQVQVSVNGRPSDLVSAQVILTNELNFALVGSEDGTDNDYNDAVVVINWPLG,ATQGVFTLPANTRFGVTAFANSSNTQTVNVLVNNETAATFSGQSTNNAVIGTQVLNSGSSGKVQVQVSVNGRPSDLVSAQVILTNELNFALVGSEDGTDNDYNDAVVVINWPLG,ATQGVFTLPANTRFGVTAFANSSNTQTVNVLVNNETAATFSGQSTNNAVIGTQVLNSGSSGKVQVQVSVNGRPSDLVSAQVILTNELNFALVGSEDGTDNDYNDAVVVINWPLG	20,21,22,23,44,94,95,96,98,100,103
2jke	QQKLTSPDNNLVMTFQVDSKGAPTYELTYKNKVVIKPSTLGLELKKEDSKTNLYDGFEVKDTQTATFDETWQPVWGEEKEIRNHYNELAVTLYQPMNDRSIVIRFRLFNDGLGFRYEFPQQKSLNYFVIKEEHSQFGMNGDHIAFWIPGDYDTQEYDYTISRLSEIRGLMKEAITPNSSQTPFSQTGVQTALMMKTDDGLYINLHEAALVDYSCMHLNLDDKNMVFESWLTPDAKGDKGYMQTPCNTPWRTIIVSDDARNILASRITLNLNEPCKIADAASWVKPVKYIGVWWDMITGKGSWAYTDELTSVKLGETDYSKTKPNGKHSANTANVKRYIDFAAAHGFDAVLVEGWNEGWEDWFGNSKDYVFDFVTPYPDFDVKEIHRYAARKGIKMMMHHETSASVRNYERHMDKAYQFMADNGYNSVKSGYVGNIIPRGEHHYGQWMNNHYLYAVKKAADYKIMVNAEATRPTGICRTYPNLIGNESARGTEYESFGGNKVYHTTILPFTRLVGGPMDYTPGIFETHCNKMNPANNSQVRSTIARQLALYVTMYSPLQMAADIPENYERFMDAFQFIKDVALDWDETNYLEAEPGEYITIARKAKDTDDWYVGCTAGENGHTSKLVFDFLTPGKQYIATVYADAKDADWKENPQAYTIKKGILTNKSKLNLHAANGGGYAISIKEV,QQKLTSPDNNLVMTFQVDSKGAPTYELTYKNKVVIKPSTLGLELKKEDSKTNLYDGFEVKDTQTATFDETWQPVWGEEKEIRNHYNELAVTLYQPMNDRSIVIRFRLFNDGLGFRYEFPQQKSLNYFVIKEEHSQFGMNGDHIAFWIPGDYDTQEYDYTISRLSEIRGLMKEAITPNSSQTPFSQTGVQTALMMKTDDGLYINLHEAALVDYSCMHLNLDDKNMVFESWLTPDAKGDKGYMQTPCNTPWRTIIVSDDARNILASRITLNLNEPCKIADAASWVKPVKYIGVWWDMITGKGSWAYTDELTSVKLGETDYSKTKPNGKHSANTANVKRYIDFAAAHGFDAVLVEGWNEGWEDWFGNSKDYVFDFVTPYPDFDVKEIHRYAARKGIKMMMHHETSASVRNYERHMDKAYQFMADNGYNSVKSGYVGNIIPRGEHHYGQWMNNHYLYAVKKAADYKIMVNAHEATRPTGICRTYPNLIGNESARGTEYESFGGNKVYHTTILPFTRLVGGPMDYTPGIFETHCNKMNPANNSQVRSTIARQLALYVTMYSPLQMAADIPENYERFMDAFQFIKDVALDWDETNYLEAEPGEYITIARKAKDTDDWYVGCTAGENGHTSKLVFDFLTPGKQYIATVYADAKDADWKENPQAYTIKKGILTNKSKLNLHAANGGGYAISIKEV	291,295,301,351,357,360,397,399,427,431,467,485,491
2p3t	KLSLDNGDDQFHEEQNSVVSARGYTLADNGKAIPTGPYPGKQTLE,IVGGQEKDGEPWQALLINEENEGFGGTILSEFYILTAALYQAKRFKVRVGDRNTEQEGEAVHEVEVVIKHNRFTKETYDFDIAVLRLKTPITFRMNVAPALPERDWAESTLMTQKTGIVSGFGRTHEKGRQSTRLKMLEVPYVDRNSKLSSSFIITQNMFAGYDTKQEDAQGDSGGPHVTRFKDTYFVTGIVSWGEGARKGKYGIYTKVTAFLKWIDRSMK	119,120,121,122,168,171,197,203,213,214,215,218,236,237,238,239,240,241,242,248,249,250
2p4y	NPESADLRALAKHLYDSYIKSFPLTKAKARAILTKSPFVIYDMNSIRIFQGCQFRSVEAVQEITEYAKSIPGFVNLDLNDQVTLLKYGVHEIIYTMLASLMNKDGVLISEGQGFMTREFLKSLRKPFGDFMEPKFEFAVKFNALELDDSDLAIFIAVIILSGDRPGLLNVKPIEDIQDNLLQALELQLKLNHPESSQLFAKLLQKMTDLRQIVTEHVQLLQVIKKTETDMSLPLLQEIYKDLY,ADLRALAKHLYDSYIKSFPLTKAKARAILSPFVIYDMNSAIRIFQGCQFRSVEAVQEITEYAKSIPGFVNLDLNDQVTLLKYGVHEIIYTMLASLMNKDGVLISEGQGFMTREFLKSLRKPFGDFMEPKFEFAVKFNALELDDSDLAIFIAVIILSGDRPGLLNVKPIEDIQDNLLQALELQLKLNHPESSQLFAKLLQKMTDLRQIVTEHVQLLPLLQEIYKDLY	21,47,50,51,53,54,55,58,61,62,91,92,93,95,96,99,105,106,107,108,114,119,129,130,133,215
2p7g	NKIVSHLLVAEPEKIYAMPDPTVPDSDIKALTTLCDLADRELVVIIGWAKHIPGFSTLSLADQMSLLQSAWMEILILGVVYRSLSFEDELVYADDYIMDEDQSKLAGLLDLNNAILQLVKKYKSMKLEKEEFVTLKAIALANSDSMHIEDVEAVQKLQDVLHEALQDYEAGQHMEDPRRAGKMLMTLPLLRQTSTKAVQHFYNIKLEGKVPMHKLFLEMLEA	33,34,36,37,40,70,71,74,75,78,81,91,107,110,111,114,196,200,215
2pqc	SSRPATARKSSGLSGTVRIPGDKSISHRSFMFGGLASGETRITGLLEGEDVINTGKAMQAMGARIRKEGDTWIIDGVGNGGLLAPEAPLDFGNAATGCRLTMGLVGVYDFDSTFIGDASLTKRPMGRVLNPLREMGVQVKSEDGDRLPVTLRGPKTPTPITYRVPMASAQVKSAVLLAGLNTPGITTVIEPIMTRDHTEKMLQGFGANLTVETDADGVRTIRLEGRGKLTGQVIDVPGDPSSTAFPLVAALLVPGSDVTILNVLMNPTRTGLILTLQEMGADIEVINPRLAGGEDVADLRVRSSTLKGVTVPEDRAPSMIDEYPILAVAAAFAEGATVMNGLEELRVKESDRLSAVANGLKLNGVDCDEGETSLVVRGRPDGKGLGNASGAAVATHLDRIAMSFLVMGLVSENPVTVDDATMIATSFPEFMDLMAGLGAKIELS	22,23,27,94,95,98,99,122,126,166,167,168,169,170,172,194,319,320,343,347,348,351,398
2pvu	GATKKKVVVGTDAAFAPFEYMQKGKIVGFDVDLLDAVMKAAGLDYELKNIGWDPLFASLQSKEVDMGISGITITDERKQSYDFSDPYFEATQVILVKQGSPVKNALDLKGKTIGVQNATTGQEAAEKLFGKGPHIKKFETTVVAIMELLNGGVDAVITDNAVANEYVKNNPNKKLQVIEDPKNFASEYYGMIFPKNSELKAKVDEALKNVINSGKYTEIYKKWFGKEPKLDRLKQ	11,14,51,68,69,70,71,76,91,115,118,119,120,140,158,186,188
2pyy	PLLVATRVIPPFVLSNLSGFSIDLWRSIATQIGIESKLIEYSSVPELISAIKDNKVNLGIAAISITAEREQNFDFSLPIFASGLQIMVRNGDIRSIDDLPGKVVATTAGSTAATYLREHHISVLEVPKIEEAYKALQTKKADAVVFDAPVLLFYAANEGKGKVEIVGSILREESYGIILPNNSPYRKPINQALLNLKENGTYQSLYDKWFDP,PLLVATRVIPPFVLSNLSGFSIDLWRSIATQIGIESKLIEYSSVPELISAIKDNKVNLGIAAISITAEREQNFDFSLPIFASGLQIMVRNGDIRSIDDLPGKVVATTAGSTAATYLREHHISVLEVPKIEEAYKALQTKKADAVVFDAPVLLFYAANEGKGKVEIVGSILREESYGIILPNNSPYRKPINQALLNLKENGTYQSLYDKWFDPKNSLE,PLLVATRVIPPFVLSNLSGFSIDLWRSIATQIGIESKLIEYSSVPELISAIKDNKVNLGIAAISITAEREQNFDFSLPIFASGLQIMVRNGDIRSIDDLPGKVVATTAGSTAATYLREHHISVLEVPKIEEAYKALQTKKADAVVFDAPVLLFYAANEGKGKVEIVGSILREESYGIILPNNSPYRKPINQALLNLKENGTYQSLYDKWFDP	6,8,43,61,62,63,68,106,109,110,111,145,146,172,174
2q6m	GSHMAVITPQGVTNWTYQELEATHQALTREGYVFVGYHGTNHVAAQTIVNRIAPVTENEEKWGGLYVATHAEVAHGYARIKEGTGEYGLPTRAERDARGVMLRVYIPRASLERFYRTNTPLENAEEHITQVIGHSLPLRNEAFTGPESAGGEDETVIGWDMAIHAVAIPSTIPGNAYEELAIDEEAVAKEQSISTKPPYKE	36,37,38,39,58,65,66,67,72,73,76,153,154
2q8z	GLVPRGSMGFKVKLEKRRNAINTCLCIGLDPDEKDIENFMKNEKENNYNNIKKNLKEKYINNVSIKKDILLKAPDNIIREEKSEEFFYFFNHFCFYIINETNKYALTFKMNFAFYIPYGSVGIDVLKNVFDYLYELNIPTILDMKINDIGNTVKNYRKFIFEYLKSDSCTVNIYMGTNMLKDICYDEEKNKYYSAFVLVKTTNPDSAIFQKNLSLDNKQAYVIMAQEALNMSSYLNLEQNNEFIGFVVGANSYDEMNYIRTYFPNCYILSPGIGAQNGDLHKTLTNGYHKSYEKILINIGRAITKNPYPQKAAQMYYDQINAILKQNMES,MGFKVKLEKRRNAINTCLCIGLDPDEKDIENFMKNEKENNYNNIKKNLKEKYINNVSIKKDILLKAPDNIIREEKSEEFFYFFNHFCFYIINETNKYALTFKMNFAFYIPYGSVGIDVLKNVFDYLYELNIPTILDMKINDIGNTVKNYRKFIFEYLKSDSCTVNIYMGTNMLKDICYDEEKNKYYSAFVLVKTTNPDSAIFQKNLSLDNKQAYVIMAQEALNMSSYLNLEQNNEFIGFVVGANSYDEMNYIRTYFPNCYILSPGIGAQNGDLHKTLTNGYHKSYEKILINIGRAITKNPYPQKAAQMYYDQINAILKQNM	29,108,110,113,142,144,169,197,200,201,202,246,270,271,272,274,275,297,298,299,300,470,471,474,497
2qbq	EMEKEFEQIDKSGSWAAIYQDIRHEASDFPCRVAKLPKNKNRNRYRDVSPFDHSRIKLHQEDNDYINASLIKMEEAQRSYILTQGPLPNTCGHFWEMVWEQKSRGVVMLNRVMEKGSLKCAQYWPQKEEKEMIFEDTNLKLTLISEDIKSYYTVRQLELENLTTQETREILHFHYTTWPDFGVPESPASFLNFLFKVRESGSLSPEHGPVVVHCSAGIGRSGTFCLADTCLLLMDKRKDPSSVDIKKVLLEMRKFRMGLIQTADQLRFSYLAVIEGAKFIMGDSSVQDQWKELSHED	22,44,46,47,118,179,180,181,213,214,215,217,218,219,256,257,260,264
2qbr	EMEKEFEQIDKSGSWAAIYQDIRHEASDFPCRVAKLPKNKNRNRYRDVSPFDHSRIKLHQEDNDYINASLIKMEEAQRSYILTQGPLPNTCGHFWEMVWEQKSRGVVMLNRVMEKGSLKCAQYWPQKEEKEMIFEDTNLKLTLISEDIKSYYTVRQLELENLTTQETREILHFHYTTWPDFGVPESPASFLNFLFKVRESGSLSPEHGPVVVHCSAGIGRSGTFCLADTCLLLMDKRKDPSSVDIKKVLLEMRKFRMGLIQTADQLRFSYLAVIEGAKFIMGDSSVQDQWKELSHEDL	22,44,46,47,118,179,180,181,213,214,215,217,218,219,252,256,257,260,264
2qbs	EMEKEFEQIDKSGSWAAIYQDIRHEASDFPCRVAKLPKNKNRNRYRDVSPFDHSRIKLHQEDNDYINASLIKMEEAQRSYILTQGPLPNTCGHFWEMVWEQKSRGVVMLNRVMEKGSLKCAQYWPQKEEKEMIFEDTNLKLTLISEDIKSYYTVRQLELENLTTQETREILHFHYTTWPDFGVPESPASFLNFLFKVRESGSLSPEHGPVVVHCSAGIGRSGTFCLADTCLLLMDKRKDPSSVDIKKVLLEMRKFRMGLIQTADQLRFSYLAVIEGAKFIMGDSSVQDQWKELSHED	22,44,46,47,118,179,180,181,213,214,215,217,218,219,256,257,260,264
2qhy	PQITLWKRPLVTIRIGGQLKEALLDTGADDTVLEEMNLPGKWKPKMIGGIGGFIKVRQYDQIPIEICGHKAIGTVLVGPTPVNIIGRNLLTQIGCTLNF,PQITLWKRPLVTIRIGGQLKEALLDTGADDTVLEEMNLPGKWKPKMIGGIGGFIKVRQYDQIPIEICGHKAIGTVLVGPTPVNIIGRNLLTQIGCTLNF	22,24,26,27,28,29,31,46,47,48,49,79,80,81,83,106,121,123,125,126,127,128,130,145,146,147,148,174,179,180,182
2qhz	PQITLWKRPLVTIRIGGQLKEALLDTGADDTVLEEMNLPGKWKPKMIGGIGGFIKVRQYDQIPIEICGHKAIGTVLVGPTPVNIIGRNLLTQIGCTLNF,PQITLWKRPLVTIRIGGQLKEALLDTGADDTVLEEMNLPGKWKPKMIGGIGGFIKVRQYDQIPIEICGHKAIGTVLVGPTPVNIIGRNLLTQIGCTLNF	22,24,26,27,28,29,31,46,47,48,49,75,79,80,81,83,121,123,125,126,128,130,145,146,147,148,174,179,180,182
2qi1	PQITLWKRPLVTIRIGGQLKEALLDTGADDTVLEEMNLPGKWKPKMIGGIGGFIKVRQYDQIPIEICGHKAIGTVLVGPTPVNIIGRNLLTQIGCTLNF,PQITLWKRPLVTIRIGGQLKEALLDTGADDTVLEEMNLPGKWKPKMIGGIGGFIKVRQYDQIPIEICGHKAIGTVLVGPTPVNIIGRNLLTQIGCTLNF	22,24,26,27,28,29,31,46,47,48,49,75,79,80,81,83,106,121,123,125,126,127,128,130,143,145,146,147,148,174,179,180,182
2qi3	PQITLWKRPLVTIRIGGQLKEALLDTGADDTVLEEMNLPGKWKPKMIGGIGGFIKVRQYDQIPIEICGHKAIGTVLVGPTPVNIIGRNLLTQIGCTLNF,PQITLWKRPLVTIRIGGQLKEALLDTGADDTVLEEMNLPGKWKPKMIGGIGGFIKVRQYDQIPIEICGHKAIGTVLVGPTPVNIIGRNLLTQIGCTLNF	7,22,24,26,27,28,29,31,46,47,48,49,79,80,81,83,121,123,125,126,127,128,130,145,146,147,148,179,180,182
2qi4	PQITLWKRPLVTIRIGGQLKEALLDTGADDTVLEEMNLPGKWKPKMIGGIGGFIKVRQYDQIPIEICGHKAIGTVLVGPTPVNIIGRNLLTQIGCTLNF,PQITLWKRPLVTIRIGGQLKEALLDTGADDTVLEEMNLPGKWKPKMIGGIGGFIKVRQYDQIPIEICGHKAIGTVLVGPTPVNIIGRNLLTQIGCTLNF	22,24,26,27,28,29,31,46,48,49,75,80,81,83,106,121,123,125,126,127,128,130,145,146,147,148,179,180,182
2qi5	PQITLWKRPLVTIRIGGQLKEALLDTGADDTVLEEMNLPGKWKPKMIGGIGGFIKVRQYDQIPIEICGHKAIGTVLVGPTPVNIIGRNLLTQIGCTLNF,PQITLWKRPLVTIRIGGQLKEALLDTGADDTVLEEMNLPGKWKPKMIGGIGGFIKVRQYDQIPIEICGHKAIGTVLVGPTPVNIIGRNLLTQIGCTLNF	22,24,26,27,28,29,31,46,47,48,49,80,81,83,106,121,123,125,126,127,128,130,145,146,147,148,179,180,182
2qi6	PQITLWKRPLVTIRIGGQLKEALLDTGADDTVLEEMNLPGKWKPKMIGGIGGFIKVRQYDQIPIEICGHKAIGTVLVGPTPVNIIGRNLLTQIGCTLNF,PQITLWKRPLVTIRIGGQLKEALLDTGADDTVLEEMNLPGKWKPKMIGGIGGFIKVRQYDQIPIEICGHKAIGTVLVGPTPVNIIGRNLLTQIGCTLNF	22,24,26,27,28,29,31,46,47,48,49,75,79,80,81,83,106,121,123,125,126,127,128,130,145,146,147,148,179,180,182
2qmg	GSFVEMVDNLRGKSGQGYYVEMTVGSPPQTLNILVDTGSSNFAVGAAPHPFLHRYYQRQLSSTYRDLRKGVYVPYTQGKWEGELGTDLVSIPHGPNVTVRANIAAITESDKFFINGSNWEGILGLAYAEIARPDDSLEPFFDSLVKQTHVPNLFSLQLGAGFPLNQSEVLASVGGSMIIGGIDHSLYTGSLWYTPIRREWYYEVIIVRVEINGQDLKMDKEYNYDKSIVDSGTTNLRLPKKVFEAAVKSIKAASSTEKFPDGFWLGEQLVWQAGTTPWNIFPVISLYLMGEVTNQSFRITILPQQYLRPVEDVATSQDDYKFAISQSSTGTVMGAVIMEGFYVVFDRARKRIGFAVSAHVHDEFRTAAVEGPFVTLDMEDGYNI	14,15,16,33,35,37,38,39,72,73,74,75,76,77,111,113,118,121,129,131,200,227,229,230,231,232,233,234,236,334
2qmj	VNELERINIPDQPPTKATDQRGCWNPQGAVSVPWYYSKNHSYHVEGNLVNTNAGFTARLKNLPSSPVFGSNVDNVLLTAEYQTSNRFHFKLTDQTNNRFEVPHEHVQSFSGNAAASLTYQVEISRQPFSIKVTRRSNNRVLFDSSIGPLLFADQFLQLSTRLPSTNVYGLGEHVHQQYRHDMNWKTWPIFNRDTTPNGNGTNLYGAQTFFLCLEDASGLSFGVFLMNSNAMEVVLQPAPAITYRTIGGILDFYVFLGNTPEQVVQEYLELIGRPALPSYWALGFHLSRYEYGTLDNMREVVERNRAAQLPYDVQHADIDYMDERRDFTYDSVDFKGFPEFVNELHNNGQKLVIIVDPAISNNSSSSKPYGPYDRGSDMKIWVNSSDGVTPLIGEVWPGQTVFPDYTNPNCAVWWTKEFELFHNQVEFDGIWIDMNEVSNFVDGSVSGSTNNLNNPPFTPRILDGYLFCKTLMDAVQHWGKQYDIHNLYGYSMAVATAEAAKTVFPNKRSFILTRSTFAGSGKFAAHWLGDNTATWDDLRWSIPGVLEFNLFGIPMVGPDIGFALDTPEELRRWMQLGAFYPFSRNHNGQGYKDQDPASFGADSLLLNSSRHYLNIRYTLLPYLYTLFFRAHSRGDTVARPLLHEFYEDNSTWDVHQQFLWGPGLLITPVLDEGAEKVMAYVPDAVWYDYETGSQVRWRKQKVEMELPGDKIGLHLRGGYIFPTQQPNTTTLASRKNPLGLIIALDENKEAKGELFWDDGETKDTVANKVYLLCEFSVTQNRLEVNISQSTYKDPNNLAFNEIKILGTEEPSNVTVKHNGVPSTSPTVTYDSNLKVAIITDIDLLLGEAYTVEWAH	192,194,196,288,316,317,353,395,430,432,433,437,439,513,526,529,531,561,562,583,585
2qnq	PQITLWQRPLVTIKIGGQLKEALLDTGADDTVLEEMSLPGRWKPKMIGGIGGFIKVRQYDQILIEICGHKAIGTVLVGPTPVNIIGRNLLTQIGCTLNF,PQITLWQRPLVTIKIGGQLKEALLDTGADDTVLEEMSLPGRWKPKMIGGIGGFIKVRQYDQILIEICGHKAIGTVLVGPTPVNIIGRNLLTQIGCTLNF	22,24,26,27,28,29,31,46,47,48,49,80,81,83,106,121,123,125,126,127,128,130,145,146,147,148,178,179,180,182
2qrl	AVTLHLRAETKPLEARAALTPTTVKKLIAKGFKIYVEDSPQSTFNINEYRQAGAIIVPAGSWKTAPRDRIIIGLKEMPETDTFPLVHEHIQFACYKDQAGWQNVLMRFIKGHGTLYDLEFLENDQGRRVAAFGFYAGFAGAALGVRDWAFKQTHSDDEDLPAVSPYPNEKALVKDVTKDYKEALATGARKPTVLIIGALGRGSGAIDLLHKVGIPDANILKWDIKETSRGGPFDEIPQADIFINIYLSKPIAPFTNMEKLNNPNRRLRTVVDVSADTTNPHNPIPIYTVATVFNKPTVLVPTTAGPKLSVISIDLPSLLPREASEFFSHDLLPSLELLPQRKTAPVWVRAKKLFDRHCARVKRSSRL	15,74,91,118,127,130,131
2qry	KPVLTVYTYDSFAADWGPGPVVKKAFEADCNCELKLVALEDGVSLLNRLRMEGKNSKADVVLGLDNNLLDAASKTGLFAKSGVAADAVNVPGGWNNDTFVPFDYGYFAFVYDKNKLKNPPQSLKELVESDQNWRVIYQDPRTSTPGLGLLLWMQKVYGDDAPQAWQKLAKKTVTVTKGWSEAYGLFLKGESDLVLSYTTSPAYHILEEKKDNYAAANFSEGHYLQVEVAARTAASKQPELAQKFLQFMVSPAFQNAIPTGNWMYPVANVTLPAGFEKLTKPATTLEFTPAEVAAQRQAWISEWQRAVS	8,10,40,41,42,137,141,142,143,144,177,178,182,195,196,199,202,203,224,226,259,260,261,262
2r6w	LALSLTADQMVSALLDAEPPILYSEYASMMGLLTNLADRELVHMINWAKRVPGFVDLTLHDQVHLLESAWLEILMIGLVWRSMEHPGKLLFAPNLLLDRNQGKSVEGMVEIFDMLLATSSRFRMMNLQGEEFVCLKSIILLNSGVYTFLSSTLKSLEEKDHIHRVLDKITDTLIHLMAKAGLTLQQQHQRLAQLLLILSHIRHMSNKGMEHLYVPLYDLLLEMLDAHRL,LALSLTADQMVSALLDAEPPILYSEYASMMGLLTNLADRELVHMINWAKRVPGFVDLTLHDQVHLLESAWLEILMIGLVWRSMEHPGKLLFAPNLLLDRNQGKSVEGMVEIFDMLLATSSRFRMMNLQGEEFVCLKSIILLNSGVYTFSTLKSLEEKDHIHRVLDKITDTLIHLMAKAGLTLQQQHQRLAQLLLILSHIRHMSNKGMEHLYPLYDLLLEMLDA	29,32,33,35,36,37,39,40,69,70,73,74,77,80,90,107,110,111,114,207,210,211,215,218,222
2r75	CKIKVIGVGGGGSNAVNRMYEDGIEGVELYAINTDVQHLSTLKVPNKIQIGEKVTRGLGAGAKPEVGEEAALEDIDKIKEILRDTDMVFISAGLGGGTGTGAAPVIAKTAKEMGILTVAVATLPFRFEGPRKMEKALKGLEKLKESSDAYIVIHNDKIKELSNRTLTIKDAFKEVDSVLSKAVRGITSIVVTPAVINVDFADVRTTLEEGGLSIIGMGEGRGDEKADIAVEKAVTSPLLEGNTIEGARRLLVTIWTSEDIPYDIVDEVMERIHSKVHPEAEIIFGAVLEPQEQDFIRVAIVATDFPEEKFQVGEKEVKFKVIK	8,9,10,11,13,14,32,33,58,59,60,61,62,92,93,94,95,96,97,98,99,121,123,124,127,131,154,167,171,174,175,178
2rca	RPKLRVVTLVEHPFVFTRESDEDGQPAGQLLDPGTNDSARLDALFAALVNGSVPRTLRRYGYCIDLLERLAEDLAFDFELYIVGDGKYGALRDGRWTGLVGDLLAGRAHMAVTSFSINSARSQVVDFTSPFFSTSLGIMVRTRGTELSGIHDPKLHHPSQGFRFGTVWESSAEAYIKASFPEMHAHMRRHSAPTTPHGVAMLTSDPPKLNAFIMDKSLLDYEVSIDADCKLLTVGKPFAIEGYGIGLPQNSPLTSNLSEFISRYKSSGFIDLLHDKWY	87,113,114,115,120,169,170,171,213,214,217,242
2reg	EPESGTVRFSDVGWTDITATTATATTILEALGYETDVKVLSVPVTYTSLKNKDIDVFLGNWMPTMEADIAPYREDKSVETVRENLAGAKYTLATNAKGAELGIKDFKDIAAHKDELDGKIYGIEPGNDGNRLIIDMVEKGTFDLKGFEVVESSEQGMLAQVARAEKSGDPIVFLGWEPHPMNANFKLTYLSGGDDVFGPNYGGATVHTNVRAGYTTEPNVDKLLQNLSFSLQMENEIMGKILNDGEDPEKAAAAWLKDNPQSIEPWLSGVATKDGGDGLAAVKAALGL	13,15,60,63,64,89,122,126,127,128,175
2rkd	PQLHNGLDFSAKVIQGSLDSLPQEVRKFVEGNAQLCQPEYIHICDGSEEEYGRLLAHMQEEGVIRKLKKYDNCWLALTDPRDVARIESKTVIITQEQRDTVPIPKSGQSQLGRWMSEEDFEKAFNARFPGCMKGRTMYVIPFSMGPLGSPLAKIGIELTDSPYVVASMRIMTRMGTSVLEALGDGEFIKCLHSVGCPLPLKKPLVNNWACNPELTLIAHLPDRREIISFGSGYGGNSLLGKKCFALRIASRLAKEEGWLAEHMLILGITNPEGKKKYLAAAFPSACGKTNLAMMNPTLPGWKVECVGDDIAWMKFDAQGNLRAINPENGFFGVAPGTSVKTNPNAIKTIQKNTIFTNVAETSDGGVYWEGIDEPLAPGVTITSWKNKEWRPQDEEPCAHPNSRFCTPASQCPIIDPAWESPEGVPIEGIIFGGRRPAGVPLVYEALSWQHGVFVGAAMRSEAGKVIMHDPFAMRPFFGYNFGKYLAHWLSMAHRPAAKLPKIFHVNWFRKDKNGKFLWPGFGENSRVLEWMFGRIEGEDSAKLTPIGYVPKEDALNLKGLGDVNVEELFGISKEFWEKEVEEIDKYLEDQVNADLPYEIERELRALKQRISQM	84,232,233,234,240,241,308,330,332,400,402,475
2uwl	IVGGQEKDGEPWQALLINEENEGFGGTILSEFYILTAALYQAKRFKVRVGDRNTEQEEGGEAVHEVEVVIKHNRFTKETYDFDIAVLRLKTPITFRMNVAPALPERDWAESTLMTQKTGIVSGFGRTHEKGRQSTRLKMLEVPYVDRNSKLSSSFIITQNMFAGYDTKQEDAQGDSGGPHVTRFKDTYFVTGIVSWGEGARKGKYGIYTKVTAFLKWIDRSMKT,RKLSLDNGDDQFHEEQNSVVSARGYTLADNGKAIPTGPYPGKQTL	76,77,78,79,154,170,171,172,173,175,193,194,195,196,197,198,199,205,206,207
2uwp	IVGGQEKDGEPWQALLINEENEGFGGTILSEFYILTAAHLYQAKRFKVRVGDRNTEQEEGGEAVHEVEVVIKHNRFTKETYDFDIAVLRLKTPITFRMNVAPALPERDWAESTLMTQKTGIVSGFGRTHEKGRQSTRLKMLEVPYVDRNSKLSSSFIITQNMFAGYDTKQEDAQGDSGGPHVTRFKDTYFVTGIVSWGEGARKGKYGIYTKVTAFLKWIDRSMKT,RKLSLDNGDDQFHEEQNSVVSARGYTLADNGKAIPTGPYPGKQTL	77,78,79,80,155,171,172,173,176,194,195,196,197,198,199,206,207,208
2uy4	TNIAVYWGQNSAGTQESLATYESSDADIFLLSFLNQFPTLGLNFANASDTFSDGLLHTQIAEDIETQSLGKKVLLSLGGASGSYLFSDDSQAETFAQTLWDTFGEGTGASERPFDSAVVDGFDFDIENNNEVGYSALATKLRTLFAEGTKQYYLSAAPQPYPDASVGDLLENADIDFAFIQFYNNYSVSGQFNWDTWLTYAQTVSPNKNIKLFLGLPGSASAAGSGYISDTSLLESTIADIASSSSFGGIALWDASQAFSNELGEPYVEILKNLLTS	5,32,78,79,124,126,156,180,182,252
2v77	ARSTDTFNYATYHTLEEIYDFLDLLVAENPHLVSKIQIGNTYEGRPIYVLKFSTGGSKRPAIWIDTGIHSREWVTQASGVWFAKKITQDYGQDAAFTAILDTLDIFLEIVTNPDGFAFTHSTNRMWRKTRSHTAGSLIGVDPNRNWDAGFGLSGASSNPSETYHGKFANSEVEVKSIVDFVKDHGNIKAFISIHSYSQLLMYPYGYKTEPVPDQDELDQLSKAAVTALASLYGTKFNYGSIIKAIYQASGSTIDWTYSQGIKYSFTFELRDTGRYGFLLPASQIIPTAKETWLALLTIMEHTLNHP	68,70,71,126,142,143,193,194,195,196,200,240,244,245,247,265,267,276
2vkm	GSFVEMVDNLRGKSGQGYYVEMTVGSPPQTLNILVDTGSSNFAVGAAPHPFLHRYYQRQLSSTYRDLRKGVYVPYTQGKWEGELGTDLVSIPHGPNVTVRANIAAITESDKFFINGSNWEGILGLAYAEIARPDDSLEPFFDSLVKQTHVPNLFSLQLGAGFPLNQSEVLASVGGSMIIGGIDHSLYTGSLWYTPIRREWYYEVIIVRVEINGQDLKMDKEYNYDKSIVDSGTTNLRLPKKVFEAAVKSIKAASSTEKFPDGFWLGEQLVWQAGTTPWNIFPVISLYLMGEVTNQSFRITILPQQYLRPVEDVATSQDDYKFAISQSSTGTVMGAVIMEGFYVVFDRARKRIGFAVSAHVHDEFRTAAVEGPFVTLDMEDGYN	14,15,16,17,33,35,37,38,39,73,74,75,76,77,110,111,113,118,121,129,130,131,200,227,229,230,231,232,233,234,236,307,324,334
2vpn	DNWRYAEEYEGDVQDVFAQAFKGYVEDNSDHTVQVYRFGELDIMEQTQNGILQFVNQSPGFTGSLIPSAQIFFIPYLMPTDMDTVLEFFDESKAINEMFPKLYAEHGLELLKMYPEGEMVVTADEPITSPEDFDNKKIRTMTNPLLAETYKAFGATPTPLPWGEVYGGLQTGIIDGQENPIFWIESGGLYEVSPNLTFTSHGWFTTAMMANQDFYEGLSEEDQQLVQDAADAAYDHTIEHIKGLSEESLEKIKAASDEVTVTRLNDEQIQAFKERAPQVEEKFIEMTGEQGQELLDQFKADLKAV	6,7,13,57,60,115,138,140,161,178,179,181,182,203
2vuk	SSVPSQKTYQGSYGFRLGFLHSGTAKSVTCTYSPALNKLFCQLAKTCPVQLWVDSTPPPGTRVRAMAIYKQSQHMTEVVRRCPHHERCSDSDGLAPPQHLIRVEGNLRAEYLDDRNTFRHSVVVPCEPPEVGSDCTTIHYNYMCYSSCMGGMNRRPILTIITLEDSSGNLLGRDSFEVRVCACPGRDRRTEEENLR	14,50,51,52,55,56,125,126,127,128,133,134,135,162
2vw5	MASETFEFQAEITQLMSLIINTVYSNKEIFLRELISNASDALDKIRYKSLSDPKQLETEPDLFIRITPKPEQKVLEIRDSGIGMTKAELINNLGTIAKSGTKAFMEALSAGADVSMIGQFGVGFYSLFLVADRVQVISKSNDDEQYIWESNAGGSFTVTLDEVNERIGRGTILRLFLKDDQLEYLEEKRIKEVIKRHSEFVAYPIQLVVTKEVE	36,37,39,40,43,78,81,83,87,91,92,97,120,121,122,123,124,135,170,172
2w26	IVGGQEKDGEPWQALLINEENEGFGGTILSEFYILTAALYQAKRFKVRVGDRNTEQEEGGEAVHEVEVVIKHNRFTKETYDFDIAVLRLKTPITFRMNVAPALPERDWAESTLMTQKTGIVSGFGRTHEKGRQSTRLKMLEVPYVDRNSKLSSSFIITQNMFAGYDTKQEDAQGDSGGPHVTRFKDTYFVTGIVSWGEGARKGKYGIYTKVTAFLKWIDRSMK,KLSLDNGDDQFHEEQNSVVSARGYTLADNGKAIPTGPYPGKQTL	76,77,78,79,154,160,170,171,172,175,193,194,195,196,197,198,205,206,207
2z8f	DDGGVVNITYMRLPDSEGMTLVNDIVAKWNKQPDIQVKATKFDGKASDMIKKLETDVKSGEAPDLAQVGYAELPEVFTKGLLQDVTQYAEQYKNDFASGPYSLVQVGGKAYGLPQDTGPLVYFYNKAEFEKLGITEIPQTADEFIAAAKTAAAAGKYIMSYQPDEAGNMISGLAGASGGWYKVKGDSWVVNTETDGSKATADFYQQLLDAKAATTNPRWDPSFDASIKDGSLIGTVAAAWEAPLFMTSSGGTGSGEWQVAQLGDWFGNAGKTGPDGGSAVAVLKNSKPKEAMEFLDWFNTQVPDLVSQGLVPAATTEDAETPSEWSTFFGGQDIMKEFKTANNNMGDFTYMPGFSAVAAKMNETAAKATDGSGKVADIFSDAQTTSVDTLKNFGLSVS	11,12,13,44,45,46,66,115,163,164,167,218,239,243,274,275,276,277,307,309,354,357,358,361
2zmm	EMEKEFEQIDKSGSWAAIYQDIRHEASDFPCRVAKLPKNKNRNRYRDVSPFDHSRIKLHQEDNDYINASLIKMEEAQRSYILTQGPLPNTCGHFWEMVWEQKSRGVVMLNRVMEKGSLKCAQYWPQKEEKEMIFEDTNLKLTLISEDIKSYYTVRQLELENLTTQETREILHFYTTWPDFGVPESPASFLNFLFKVRESGSLSPEHGPVVVCSAGIGRSGTFCLADTCLLLMDKRKDPSSVDIKKVLLEMRKFRMGLIQTADQLRFSYLAVIEGAKFIMGDSSVQDQWKELSHED	22,44,46,47,118,178,179,180,211,212,213,215,216,217,254,255,258,262
2zn7	EMEKEFEQIDKSGSWAAIYQDIRHEASDFPCRVAKLPKNKNRNRYRDVSPFDHSRIKLHQEDNDYINASLIKMEEAQRSYILTQGPLPNTCGHFWEMVWEQKSRGVVMLNRVMEKGSLKCAQYWPQKEEKEMIFEDTNLKLTLISEDIKSYYTVRQLELENLTTQETREILHFHYTTWPDFGVPESPASFLNFLFKVRESGSLSPEHGPVVVHCSAGIGRSGTFCLADTCLLLMDKRKDPSSVDIKKVLLEMRKFRMGLIQTADQLRFSYLAVIEGAKFIMGDSSVQDQWKELSHED	22,44,46,47,118,179,180,181,213,214,215,217,218,219,256,257,260,264
3b3c	MPPITQQATVTAWLPQVDASQITGTISSLESFTNRFYTTTSGAQASDWIASEWQALSASLPNASVKQVSHSGYNQKSVVMTITGSEAPDEWIVIGGHLDSTIGSHTNEQSVAPGADDDASGIAAVTEVIRVLSENNFQPKRSIAFMAYAAEEVGLRGSQDLANQYKSEGKNVVSALQLDATNYKGSAQDVVFITDYTDSNFTQYLTQLMDEYLPSLTYGFDTGYASDHASWHNAGYPAAMPFESKFNDYNPRIHTTQDTLANSDPTGSHAKKFTQLGLAYAIEMGSATG	96,116,150,151,178,179,223,225,239,241,245,248,252,253
3b7r	PEIVDTCSLASPASVCRTKHLHLRCSVDFTRRTLTGTAALTVQSQEDNLRSLVLDTKDLTIEKVVINGQEVKYALGERQSYKGSPMEISLPIALSKNQEIVIEISFETSPKSSALQWLTPEQTSGKEHPYLFSQCQAIHCRAILPCQDTPSVKLTYTAEVSVPKELVALMSAIRDGETPDPEDPSRKIYKFIQKVPIPCYLIALVVGALESRQIGPRTLVWSEKEQVEKSAYEFSETESMLKIAEDLGGPYVWGQYDLLVLPPSFPYGGMENPCLTFVTPTLLAGDKSLSNVIAHEISHSWTGNLVTNKTWDHFWLNEGHTVYLERHICGRLFGEKFRHFNALGGWGELQNSVKTFGETHPFTKLVVDLTDIDPDVAYSSVPYEKGFALLFYLEQLLGGPEIFLGFLKAYVEKFSYKSITTDDWKDFLYSYFKDKVDVLNQVDWNAWLYSPGLPPIKPNYDMTLTNACIALSQRWITAKEDDLNSFNATDLKDLSSHQLNEFLAQTLQRAPLPLGHIKRMQEVYNFNAINNSEIRFRWLRLCIQSKWEDAIPLALKMATEQGRMKFTRPLFKDLAAFDKSHDQAVRTYQEHKASMHPVTAMLVGKDLKVD	135,266,267,268,269,270,290,291,294,295,298,313,317,324,325,377,382,532,562,564
3bex	MDPMYLLVDVGNTHSVFSITEDGKTFRRWRLSTGVFQTEDELFSHLHPLLGDAMREIKGIGVASVVPTQNTVIERFSQKYFHISPIWVKAKNGCVKWNVKNPSEVGADRVANVVAFVKEYGKNGIIIDMGTATTVDLVVNGSYEGGAILPGFFMMVHSLFRGTAKLPLVEVKPADFVVGKDTEENIRLGVVNGSVYALEGIIGRIKEVYGDLPVVLTGGQSKIVKDMIKHEIFDEDLTIKGVYHFCFG,MDPMYLLVDVGNTHSVFSITEDGKTFRRWRLSTGVFQTEDELFSHLHPLLGDAMREIKGIGVASVVPTQNTVIERFSQKYFHISPIWVKAKNGCVKWNVKNPSEVGADRVANVVAFVKEYGKNGIIIDMGTATTVDLVVNGSYEGGAILPGFFMMVHSLFRGTAKLPLVEVKPADFVVGKDTEENIRLGVVNGSVYALEGIIGRIKEVYGDLPVVLTGGQSKIVKDMIKHEIFDEDLTIKGVYHFCFG	11,64,103,104,105,107,108,131,133,147,410,412,413,429
3bl0	HWGYGKHNGPEHWHKDFPIAKGERQSPVDIDTHTAKYDPSLKPLSVSYDQATSLRILNNGHAFNVEFDDSQDKAVLKGGPLDGTYRLIQFHFHWGSLDGQGSEHTVDKKKYAAELLVHWNTKYGDFGKAVQQPDGLAVLGIFLKVGSAKPGLQKVVDVLDSIKTKGKSADFTNFDPRGLLPESLDYWTYPGSLTTPPLLECVTWIVLKEPISVSSEQVLKFRKLNFNGEGEPEELMVDNWRPAQPLKNRQIKASFK	87,88,90,92,102,116,125,137,192,193,194,203
3brn	AQDFGGPFQAYKSVNGPGNGGYYLRKTTKPGTPEAYVLVPQNTLSEGQSTSFTYGKLQNGQMIQLTATVTVNGDKIEVTGAGQDLSGTTTVLFSDYRSDVMRGPDGNYELWVHSSAINLQSYGDTKFAQVAGGRPIHHTWQTYPPLP	12,13,21,36,38,51,68,75,77,84,88,98,100,110
3bu1	DTVSAWQSLRGPGTGGYYLFKTTEGGKTDTYVKGSNFNDAAQTATYTYGNLGSGNQLTQQTASASISGNAIVVGTDHSEVLYSDGSTDVVRLNGQIELWIHSSATSNTGNLNSTDKFNQEKGSRPEHVVYRSTPNLPQ	7,8,16,31,45,70,72,77,87,89,96,98
3bxe	GLTLLEKTLKERLNLKDAIIVSGDSDQSPWVKKEMGRAAVACMKKRFSGKNIVAVTGGTTIEAVAEMMTPDSKNRELLFVPARGGLGEDVKNQANTICAHMAEKASGTYRLLFVPGQLSQGAYSSIIEEPSVKEVLNTIKSASMLVHGIGEAKTMAQRRNTPLEDLKKIDDNDAVTEAFGYYFNADGEVVHKVHSVGMQLDDIDAIPDIIAVAGGSSKAEAIEAYFKKPRNTVLVTDEGAAKKLLRDE,SNAKDVLGLTLLEKTLKERLNLKDAIIVSGDSDQSPWVKKEMGRAAVACMKKRFSGKNIVAVTGGTTIEAVAEMMTPDSKNRELLFVPARGGLGEDVKNQANTICAHMAEKASGTYRLLFVPGQLSQGAYSSIIEEPSVKEVLNTIKSASMLVHGIGEAKTMAQRRNTPLEDLKKIDDNDAVTEAFGYYFNADGEVVHKVHSVGMQLDDIDAIPDIIAVAGGSSKAEAIEAYFKKPRNTVLVTDEGAAKKLLR	55,56,57,58,59,60,147,148,149,154,157,158,176,177,178,179,217
3czv	SWGYREHNGPIHWKEFFPIADGDQQSPIEIKTKEVKYDSSLRPLSIKYDPSSAKIISNSGHSFNVDFDDTENKSVLRGGPLTGSYRLRQVHLHWGSADDHGSEHIVDGVSYAAELVVHWNSDKYPSFVEAAHEPDGLAVLGVFLQIGEPNSQLQKITDTLDSIKEKGKQTRFTNFDLLSLLPPSWDYWTYPGSLTVPPLLESVTWIVLKQPINISSQQLAKFRSLLCTAEGEAAAFLVSNHRPPQPLKGRKVRASFH	87,88,90,92,102,116,126,138,193,194,195,204
3d2r	PREVEHFSRYSPSPLSMKQLLDFGSENCERTSFAFLRQELPVRLANILKEIDILPTQLVNTSSVQLVKSWYIQSLMDLVEFHEKSPDDQKALSDFVDTLIKVRNRHHNVVPTMAQGIIEYKDACDPVTNQNLQYFLDRFYMNRISTRMLMNQHILIFSDSHIGSIDPNCDVVAVVQDAFECSRMLCDQYYLSSPELKLTQVNGKFPDQPIHIVYVPSHLHHMLFELFKNAMRATVEHQENQPSLTPIEVIVVLGKEDLTIKISDRGGGVPLRIIDRLFSYTYSTAPTAPLAGFGYGLPISRLYAKYFQGDLNLYSLSGYGTDAIIYLKALSSESIEKLPVFNKSAFKHYDDWCI,VPREVEHFSRYSPSPLSMKQLLDFGSENACERTSFAFLRQELPVRLANILKEIDILPTQLVNTSSVQLVKSWYIQSLMDLVEFHEKSPDDQKALSDFVDTLIKVRNRHHNVVPTMAQGIIEYKACTVDPVTNQNLQYFLDRFYMNRISTRMLMNQHILIFSDSQTGNPSHIGSIDPNCDVVAVVQDAFECSRMLCDQYYLSSPELKLTQVNGKFPDQPIHIVYVPSHLHHMLFELFKNAMRATVEHQENQPSLTPIEVIVVLGKEDLTIKISDRGGGVPLRIIDRLFSYTYSTAPTPPLAGFGYGLPISRLYAKYFQGDLNLYSLSGYGTDAIIYLKALSSESIEKLPVFNKSAFKHYDWCI	228,229,231,232,263,267,268,276,281,282,283,284,290,291,292,293,294,295,296,297,312,320
3d51	QQDVVQDVPNVDVQMLELYDRMSFKDIDGGVWKQGWNIKYDPLKYNAHHKLKVFVVPHSHNDPGWIQTFEEYYQHDTKHILSNALRHLHDNPEMKFIWAEISYFARFYHDLGENKKLQMKSIVKNGQLEFVTGGWVMPDEANSHWRNVLLQLTEGQTWLKQFMNVTPTASWAIDPFGHSPTMPYILQKSGFKNMLIQRTHYSVKKELAQQRQLEFLWRQIWDNKGDTALFTHMMPFYSYDIPHTGPDPKVQFDFKRMGSFGLSPWKVPPRTISDQNVAARSDLLVDQWKKKAELYRTNVLLIPLGDDFRFKQNTEWDVQRVNYERLFEHINSQAHFNVQAQFGTLQEYFDAVHQAERAGQAEFPTLSGDFFTYADRSDNYWSGYYTSRPYHKRMDRVLMHYVRAAEMLSAWHSWDGMARIEERLEQARRELSLFQHDGITGTAKTHVVVDYEQRMQEALKACQMVMQQSVYRLLTKPSIYSPDFSFSYFTLDDSRWPGSGVEDSRTTIILGEDILPSKHVVMHNTLPHWREQLVDFYVSSPFVSVTDLANNPVEAQVSPVWSWHHDTLTKTIHPQGSTTKYRIIFKARVPPMGLATYVLTISDSKPEHTSYASNLLLRKNPTSLPLGQYPEDVKFGDPREISLRVGNGPTLAFSEQGLLKSIQLTQDSPHVPVHFKFLKYGVRSHGDRSGAYLFLPNGPASPVELGQPVVLVTKGKLESSVSVGLPSVVHQTIMRGGAPEIRNLVDIGSLDNTEIVMRLETHIDSGDIFYTDLNGLQFIKRRRLDKLPLQANYYPIPSGMFIEDANTRLTLLTGQPLGGSSLASGELEIMQDRRLASDDERGLGQGVLDNKPVLHIYRLVLEKVNNVRPSKLHPAGYLTSAAHKASQSLLDPLDKFIFAENEWIGAQGQFGGDHPSAREDLDVSVMRRLTKSSAKTQRVGYVLHRTNLMQGTPEEHTQKLDVHLLPNVARERTTLTFLQNLEHLDGMVAPEVPMETAAYVSSHSS	59,61,64,173,175,197,238,306,380,435,436,441,691,840,841
3d83	ERPTFYRQELNKTIWEVPERYQNLSPVGSGAYGSVCAAFDTKTGLRVAVKKLSRPFQSIIHAKRTYRELRLLKHMKHENVIGLLDVFTPARSLEEFNDVYLVTHLMGADLNNIVKCQKLTDDHVQFLIYQILRGLKYIHSADIIRDLKPSNLAVNEDCELKILDFGLARHTDDEMTGYVATRWYRAPEIMLNWMHYNQTVDIWSVGCIMAELLTGRTLFPGTDHIDQLKLILRLVGTPGAELLKKISSESARNYIQSLTQMPKMNFANVFIGANPLAVDLLEKMLVLDSDKRITAAQALAHAYFAQYHDPDDEPVADPYDQSFESRDLLIDEWKSLTYDEVISFVPPP	26,34,47,48,49,67,70,71,74,79,80,100,101,102,103,104,105,106,137,142,143,161,162,163,164,166
3ddg	QDVVQDVPNVDVQMLELYDRMSFKDIDGGVWKQGWNIKYDPLKYNAHHKLKVFVVPHSHNDPGWIQTFEEYYQHDTKHILSNALRHLHDNPEMKFIWAEISYFARFYHDLGENKKLQMKSIVKNGQLEFVTGGWVMPDEANSHWRNVLLQLTEGQTWLKQFMNVTPTASWAIDPFGHSPTMPYILQKSGFKNMLIQRTHYSVKKELAQQRQLEFLWRQIWDNKGDTALFTHMMPFYSYDIPHTGPDPKVQFDFKRMGSFGLSPWKVPPRTISDQNVAARSDLLVDQWKKKAELYRTNVLLIPLGDDFRFKQNTEWDVQRVNYERLFEHINSQAHFNVQAQFGTLQEYFDAVHQAERAGQAEFPTLSGDFFTYADRSDNYWSGYYTSRPYHKRMDRVLMHYVRAAEMLSAWHSWDGMARIEERLEQARRELSLFQHDGITGTAKTHVVVDYEQRMQEALKACQMVMQQSVYRLLTKPSIYSPDFSFSYFTLDDSRWPGSGVEDSRTTIILGEDILPSKHVVMHNTLPHWREQLVDFYVSSPFVSVTDLANNPVEAQVSPVWSWHHDTLTKTIHPQGSTTKYRIIFKARVPPMGLATYVLTISDSKPEHTSYASNLLLRKNPTSLPLGQYPEDVKFGDPREISLRVGNGPTLAFSEQGLLKSIQLTQDSPHVPVHFKFLKYGVRSHGDRSGAYLFLPNGPASPVELGQPVVLVTKGKLESSVSVGLPSVVHQTIMRGGAPEIRNLVDIGSLDNTEIVMRLETHIDSGDIFYTDLNGLQFIKRRRLDKLPLQANYYPIPSGMFIEDANTRLTLLTGQPLGGSSLASGELEIMQDRRLASDDERGLGQGVLDNKPVLHIYRLVLEKVNNVRPSKLHPAGYLTSAAHKASQSLLDPLDKFIFAENEWIGAQGQFGGDHPSAREDLDVSVMRRLTKSSAKTQRVGYVLHRTNLMQGTPEEHTQKLDVHLLPNVARERTTLTFLQNLEHLDGMVAPEVPMETAAYVSSHSS	58,60,63,172,174,196,237,238,304,305,379,434,435,440,690,839,840
3dp4	RTIVVTTILESPYVMYKKNHEQLEGNERYEGYCVDLAYEIAKHVRIKYKLSIVGDGKYGARDPETKIWNGMVGELVYGRADIAVAPLTITLVREEVIDFSKPFMSLGISIMIKKGTPIESAEDLAKQTEIAYGTLDSGSTKEFFRRSKIAVYEKMWSYMKSAEPSVFTKTTADGVARVRKSKGKFAFLLESTMNEYIEQRKPDTMKVGGNLDSKGYGVATPKGSALGTPVNLAVLKLSEQGILDKLKNKWWYDKGE	9,57,85,86,87,92,134,137,138,139,170,188,189,192,215
3e92	QERPTFYRQELNKTIWEVPERYQNLSPVGSGAYGSVCAAFDTKTGLRVAVKKLSRPFQSIIHAKRTYRELRLLKHMKHENVIGLLDVFTPARSLEEFNDVYLVTHLMGADLNNIVKCQKLTDDHVQFLIYQILRGLKYIHSADIIHRDLKPSNLAVNEDCELKILDFGLAHTDDEMTGYVATRWYRAPEIMLNWMHYNQTVDIWSVGCIMAELLTGRTLFPGTDHIDQLKLILRLVGTPGAELLKKISSESARNYIQSLTQMPKMNFANVFIGANPLAVDLLEKMLVLDSDKRITAAQALAHAYFAQYHDPDDEPVADPYDQSFESRDLLIDEWKSLTYDEVISFVPPP	27,32,35,48,49,50,68,71,72,81,101,103,104,105,106,107,108,154,164,165,166,168
3eko	QPMEEEEVETFAFQAEIAQLMSLIINTFYSNKEIFLRELISNSSDALDKIRYESLTDPSKLDSGKELHINLIPNKQDRTLTIVDTGIGMTKADLINNLGTIAKSGTKAFMEALQAGADISMIGQFGVGFYSAYLVAEKVTVITKHNDDEQYAWESSAGGSFTVRTDTGEPMGRGTKVILHLKEDQTEYLEERRIKEIVKKHSQFIGYPITLFVEKEL	38,41,42,44,45,48,83,86,87,88,97,128,142,174,176
3ekr	QPMEEEEVETFAFQAEIAQLMSLIINTFYSNKEIFLRELISNSSDALDKIRYESLTDPSKLDSGKELHINLIPNKQDRTLTIVDTGIGMTKADLINNLGTIAKSGTKAFMEALQAGADISMIGQFGVGFYSAYLVAEKVTVITKHNDDEQYAWESSAGGSFTVRTDTGEPMGRGTKVILHLKEDQTEYLEERRIKEIVKKHSQFIGYPITLFVEKEL	38,41,42,44,45,48,83,86,87,88,96,97,128,142,174,176
3ene	SEESQAFQRQLTALIGYDVTDVSNVHDDELEFTRRGLVTPRMAEVASRDPKLYAMHPWVTSKPLPEYLWKKIANNCIFIVIHRSTTSQTIKVSPDDTPGAILQSFFTKMAKQDFVLRVCGRDEYLVGETPIKNFQWVRHCLKNGEEIHVVLDTPPDPALDEVRKEEWCDRKFRVKIRGIDIPVLPRNTDLTVFVEANIQHGQQVLCQRRTSPKPFTEEVLWNVWLEFSIKIKDLPKGALLNLQIYCRLLYYVNLLLIDHRFLLRRGEYVLHMWQISGFNADKLTSATNPDKENSMSISILLDNHPIARAEMPNQLRKQLEAIIATDPLNPLTAEDKELLWHFRYESLKHPKAYPKLFSSVKWGQQEIVAKTYQLLARREVWDQSALDVGLTMQLLDCNFSDENVRAIAVQKLESLEDDDVLHYLLQLVQAVKFEPYHDSALARFLLKRGLRNKRIGHFLFWFLRSEIAQSRHYQQRFAVILEAYLRGCGTAMLHDFTQQVQVIEMLQKVTLDIKSLSAEKYDVSSQVISQLKQKLENLQNSQLPESFRVPYDPGLKAGALAIEKCKVMASKKKPLWLEFKCADPTALSNETIGIIFKHGDDLRQDMLILQILRIMESIWETESLDLCLLPYGCISTGDKIGMIEIVKDATTIAKIQQSTVGNTGAFKDEVLNHWLKEKSPTEEKFQAAVERFVYSCAGYCVATFVLGIGDRHNDNIMITETGNLFHIDFGHERVPFVLTPDFLFVMGTSGKKTSPHFQKFQDICVKAYLALRHHTNLLIILFSMMLMTGMPQLTSKEDIEYIRDALTVGKNEEDAKKYFLDQIEVCRDKGWTVQFNWFLHLVL	575,594,596,601,604,630,642,643,644,645,648,649,650,716,724,726,727
3eqr	LTCLIGEKDLRLLEKLGDGSFGVVRRGEWDAPSGKTVSVAVKCLKPEAMDDFIREVNAMHSLDHRNLIRLYGVVLTPPMKMVTELAPLGSLLDRLRKHQGHFLLGTLSRYAVQVAEGMGYLESKRFIHRDLAARNLLLATRDLVKIGDFGLMRALPQNDDHYVMQEHRKVPFAWCAPESLKTRTFSHASDTWMFGVTLWEMFTYGQEPWIGLNGSQILHKIDKEGERLPRPEDCPQDIYNVMVQCWAHKPEDRPTFVALRDFLLEAQPTD,LTCLIGEKDLRLLEKLGDGSFGVVRRGEWDAPSGKTVSVAVKCLKPDVLSQPEAMDDFIREVNAMHSLDHRNLIRLYGVVLTPPMKMVTELAPLGSLLDRLRKHQGHFLLGTLSRYAVQVAEGMGYLESKRFIHRDLAARNLLLATRDLVKIGDFGLMRALPQNDDHYVMRKVPFAWCAPESLKTRTFSHASDTWMFGVTLWEMFTYGQEPWIGLNGSQILHKIDKEGERLPRPEDCPQDIYNVMVQCWAHKPEDRPTFVALRDFLLEAQP	14,15,16,17,18,23,39,40,41,54,58,67,80,81,82,83,84,85,86,88,89,133,134,136,146,147,148
3f4j	REHWATRLGLILAMAGNAVGLGNFLRFPVQAAENGGGAFMIPYIIAFLLVGIPLMWIEWAMGRYGGAQGHGTTPAIFYLLWRNRFAKILGVFGLWIPLVVAIYYVYIESWTLGFAIKFLVGLVPEPPPTDPDSILRPFKEFLYSYIGVPKGDEPILKPSLFAYIVFLITMFINVSILIRGISKGIERFAKIAMPTLFILAVFLVIRVFLLETPNGTAADGLNFLWTPDFEKLKDPGVWIAAVGQIFFTLSLGFGAIITYASYVRKDQDIVLSGLTAATLNEKAEVILGGSISIPAAVAFFGVANAVAIAKAGAFNLGFITLPAIFSQTAGGTFLGFLWFFLLFFAGLTSSIAIMQPMIAFLEDELKLSRKHAVLWTAAIVFFSAHLVMFLNKSLDEMDFWAGTIGVVFFGLTELIIFFWIFGADKAWEEINRGGIIKVPRIYYYVMRYITPAFLAVLLVVWAREYIPKIMEETHWTVWITRFYIIGLFLFLTFLVFLAERRRNHESAGT	16,17,19,20,21,22,103,246,247,249,348
3fat	GRTVVVTTIMESPYVMYKKNHEMFEGNDKYEGYCVDLASEIAKHIGIKYKIAIVPDGKYGARDADTKIWNGMVGELVYGKAEIAIAPLTITLVREEVIDFSKPFMSLGISIMIKKGTPIESAEDLAKQTEIAYGTLDSGSTKEFFRRSKIAVYEKMWTYMRSAEPSVFTRTTAEGVARVRKSKGKFAFLLESTMNEYIEQRKPDTMKVGGNLDSKGYGVATPKGSSLRTPVNLAVLKLSEAGVLDKLKNKWWYDKGE,GRTVVVTTIMESPYVMYKKNHEMFEGNDKYEGYCVDLASEIAKHIGIKYKIAIVPDGKYGARDADTKIWNGMVGELVYGKAEIAIAPLTITLVREEVIDFSKPFMSLGISIMIKKGTPIESAEDLAKQTEIAYGTLDSGSTKEFFRRSKIAVYEKMWTYMRSAEPSVFTRTTAEGVARVRKSKGKFAFLLESTMNEYIEQRKPDTMKVGGNLDSKGYGVATPKGSSLRTPVNLAVLKLSEAGVLDKLKNKWWYDGE	10,58,86,87,88,93,135,138,139,140,171,189,190,193,216
3fas	GRTVVVTTIMESPYVMYKKNHEMFEGNDKYEGYCVDLASEIAKHIGIKYKIAIVPDGKYGARDADTKIWNGMVGELVYGKAEIAIAPLTITLVREEVIDFSKPFMSLGISIMIKKGTPIESAEDLAKQTEIAYGTLDSGSTKEFFRRSKIAVYEKMWTYMRSAEPSVFTRTTAEGVARVRKSKGKFAFLLESTMNEYIEQRKPDTMKVGGNLDSKGYGVATPKGSSLRTPVNLAVLKLSEAGVLDKLKNKWWYDKGEG,GRTVVVTTIMESPYVMYKKNHEMFEGNDKYEGYCVDLASEIAKHIGIKYKIAIVPDGKYGARDADTKIWNGMVGELVYGKAEIAIAPLTITLVREEVIDFSKPFMSLGISIMIKKGTPIESAEDLAKQTEIAYGTLDSGSTKEFFRRSKIAVYEKMWTYMRSAEPSVFTRTTAEGVARVRKSKGKFAFLLESTMNEYIEQRKPDTMKVGGNLDSKGYGVATPKGSSLRTPVNLAVLKLSEAGVLDKLKNKWWYDKGEG	58,86,87,88,93,135,138,139,140,141,189,190,193,216
